{
  "error": {
    "mean": 7.345038891339749,
    "std": 0.995069613317168,
    "min": 5.96581214805613,
    "max": 8.519334604598056,
    "count": 5
  },
  "fix": {
    "mean": 4.390970698136695,
    "std": 1.0013741832767182,
    "min": 2.9748336507173705,
    "max": 5.1055414979500275,
    "count": 3
  },
  "neg_normal": {
    "mean": 7.457180858129351,
    "std": 2.452603132213095,
    "min": 4.392060186088347,
    "max": 15.448097952437875,
    "count": 19
  },
  "pos_normal": {
    "mean": 6.341447527983361,
    "std": 2.380176221533596,
    "min": 2.9748336507173705,
    "max": 14.642336175169675,
    "count": 38
  }
}