{
  "error": {
    "mean": 6.320820370797482,
    "std": 1.4599922368983973,
    "min": 4.711306616865155,
    "max": 9.276803873413828,
    "count": 13
  },
  "fix": {
    "mean": 5.914598819166609,
    "std": 1.1199891807371776,
    "min": 3.4993655408426902,
    "max": 7.551444021336451,
    "count": 12
  },
  "neg_normal": {
    "mean": 7.116125149054943,
    "std": 1.976149008099731,
    "min": 3.8137610439834897,
    "max": 10.455867531947801,
    "count": 46
  },
  "pos_normal": {
    "mean": 6.904913164649254,
    "std": 2.0478007209364635,
    "min": 3.20189278885739,
    "max": 9.448432973800896,
    "count": 28
  }
}