{
  "error": {
    "mean": 0.17635686932151096,
    "std": 0.029934169122439794,
    "min": 0.13100371231363842,
    "max": 0.21820967655212758,
    "count": 8
  },
  "fix": {
    "mean": 0.20740653162877898,
    "std": 0.08289206893807582,
    "min": 0.1454847073266485,
    "max": 0.4488005993417176,
    "count": 10
  },
  "neg_normal": {
    "mean": 0.19387639940808973,
    "std": 0.07879458347543929,
    "min": 0.08167481419312683,
    "max": 0.3790754138233237,
    "count": 23
  },
  "pos_normal": {
    "mean": 0.18419256961964284,
    "std": 0.06492130101872257,
    "min": 0.1251990073527678,
    "max": 0.4488005993417176,
    "count": 30
  }
}