{
  "error": {
    "mean": 0.2325538371100916,
    "std": 0.052234320676057724,
    "min": 0.18031951643403385,
    "max": 0.2847881577861493,
    "count": 2
  },
  "fix": {
    "mean": 0.1533214742198893,
    "std": 0.02080121543130072,
    "min": 0.13387975052988207,
    "max": 0.18322359401910726,
    "count": 4
  },
  "neg_normal": {
    "mean": null,
    "std": null,
    "min": null,
    "max": null,
    "count": 0
  },
  "pos_normal": {
    "mean": 0.18736520744319785,
    "std": 0.04402712287745178,
    "min": 0.14316363741182891,
    "max": 0.30102524263895475,
    "count": 18
  }
}