{
  "error": {
    "mean": 0.19002354371227162,
    "std": 0.05957983992560995,
    "min": 0.14360862005111774,
    "max": 0.2923919390881242,
    "count": 4
  },
  "fix": {
    "mean": 0.1994049920368353,
    "std": 0.062212292023635644,
    "min": 0.15202360173305007,
    "max": 0.3279033906191928,
    "count": 6
  },
  "neg_normal": {
    "mean": 0.2187501105974208,
    "std": 0.08155005706790931,
    "min": 0.14799854446960892,
    "max": 0.44044424817289135,
    "count": 33
  },
  "pos_normal": {
    "mean": 0.18893509264617267,
    "std": 0.05121192181899255,
    "min": 0.13713346298156856,
    "max": 0.3279033906191928,
    "count": 34
  }
}