{
  "error": {
    "mean": 0.14202646733918586,
    "std": 0.025879010937388237,
    "min": 0.11283570758048027,
    "max": 0.1981850681331316,
    "count": 13
  },
  "fix": {
    "mean": 0.16200337350471794,
    "std": 0.02532297576867817,
    "min": 0.13378530363673188,
    "max": 0.18871961738515472,
    "count": 12
  },
  "neg_normal": {
    "mean": 0.21866546212171498,
    "std": 0.11358662958254606,
    "min": 0.12853361126634674,
    "max": 0.6715790679820408,
    "count": 46
  },
  "pos_normal": {
    "mean": 0.20520493885849314,
    "std": 0.07290556861142392,
    "min": 0.13378530363673188,
    "max": 0.368113683580896,
    "count": 28
  }
}