{
  "error": {
    "mean": 0.16702301722241586,
    "std": 0.026015813409216753,
    "min": 0.13173345075604617,
    "max": 0.1936799419866981,
    "count": 3
  },
  "fix": {
    "mean": 0.7056992655930506,
    "std": 0.29430073440694937,
    "min": 0.41139853118610126,
    "max": 1.0,
    "count": 2
  },
  "neg_normal": {
    "mean": 0.18774503827111064,
    "std": 0.038168047650576166,
    "min": 0.11651308108445112,
    "max": 0.37852788453027847,
    "count": 69
  },
  "pos_normal": {
    "mean": null,
    "std": null,
    "min": null,
    "max": null,
    "count": 0
  }
}