{
  "error": {
    "mean": 0.531086787184276,
    "std": 0.35428041894899076,
    "min": 0.14378312646677005,
    "max": 1.0,
    "count": 3
  },
  "fix": {
    "mean": 0.24087389981584623,
    "std": 0.0,
    "min": 0.24087389981584623,
    "max": 0.24087389981584623,
    "count": 2
  },
  "neg_normal": {
    "mean": 0.1770528695374086,
    "std": 0.03456292458463477,
    "min": 0.11036426598472086,
    "max": 0.24998445187071766,
    "count": 28
  },
  "pos_normal": {
    "mean": null,
    "std": null,
    "min": null,
    "max": null,
    "count": 0
  }
}