{
  "error": {
    "mean": 0.800290530995921,
    "std": 0.07341717409106364,
    "min": 0.7137241360491339,
    "max": 0.9117193589742385,
    "count": 4
  },
  "fix": {
    "mean": 0.7312858869276744,
    "std": 0.05234574097613218,
    "min": 0.676623496249996,
    "max": 0.8207875945826824,
    "count": 7
  },
  "neg_normal": {
    "mean": 0.6968919507023249,
    "std": 0.0849669799328149,
    "min": 0.5477566184253998,
    "max": 0.794495997622656,
    "count": 13
  },
  "pos_normal": {
    "mean": 0.7548645088106184,
    "std": 0.08789279223762984,
    "min": 0.5715040282839976,
    "max": 0.8531665942363575,
    "count": 15
  }
}