{
  "error": {
    "mean": 0.6886012055929145,
    "std": 0.06256115634083165,
    "min": 0.6260400492520828,
    "max": 0.7511623619337461,
    "count": 2
  },
  "fix": {
    "mean": 0.8050683475805311,
    "std": 0.09023342803215073,
    "min": 0.6614798165924196,
    "max": 0.9111151781166279,
    "count": 4
  },
  "neg_normal": {
    "mean": null,
    "std": null,
    "min": null,
    "max": null,
    "count": 0
  },
  "pos_normal": {
    "mean": 0.7164395380042011,
    "std": 0.09503856965566518,
    "min": 0.60906646980239,
    "max": 0.9110843164750939,
    "count": 18
  }
}