{
  "error": {
    "mean": 0.7368010190100549,
    "std": 0.11716417750276892,
    "min": 0.619636841507286,
    "max": 0.8539651965128239,
    "count": 2
  },
  "fix": {
    "mean": 0.8607142451648121,
    "std": 0.04766371737932362,
    "min": 0.8130505277854885,
    "max": 0.9083779625441357,
    "count": 2
  },
  "neg_normal": {
    "mean": 0.7279426253573302,
    "std": 0.07565726885536192,
    "min": 0.547938753762326,
    "max": 0.8696469117816436,
    "count": 25
  },
  "pos_normal": {
    "mean": 0.7576660726530786,
    "std": 0.06290133504679396,
    "min": 0.6212551317151019,
    "max": 0.879447013710109,
    "count": 40
  }
}