{
  "error": {
    "mean": 0.7876245938290922,
    "std": 0.074660725148861,
    "min": 0.6340396033261603,
    "max": 0.8876329293046968,
    "count": 13
  },
  "fix": {
    "mean": 0.8344931861618977,
    "std": 0.07216728120950244,
    "min": 0.7051789324272726,
    "max": 0.914683674323696,
    "count": 12
  },
  "neg_normal": {
    "mean": 0.7592987749549067,
    "std": 0.08648506442568314,
    "min": 0.5764619576570374,
    "max": 0.8817317838176194,
    "count": 46
  },
  "pos_normal": {
    "mean": 0.7725603201800749,
    "std": 0.09592928097488498,
    "min": 0.6172876644641889,
    "max": 0.9146746848878982,
    "count": 28
  }
}