{
  "error": {
    "mean": 0.48070751801664463,
    "std": 0.35055969784293745,
    "min": 0.0,
    "max": 0.8260772958949725,
    "count": 3
  },
  "fix": {
    "mean": 0.6443142480901611,
    "std": 1.1724243391686429e-05,
    "min": 0.6443025238467694,
    "max": 0.6443259723335528,
    "count": 2
  },
  "neg_normal": {
    "mean": 0.7244732094146562,
    "std": 0.04876169662784392,
    "min": 0.6392279797361827,
    "max": 0.8321480938261904,
    "count": 28
  },
  "pos_normal": {
    "mean": null,
    "std": null,
    "min": null,
    "max": null,
    "count": 0
  }
}