{
  "easy": {
    "error": {
      "mean": 1.1979758194373065,
      "std": 0.11492722290511526,
      "count": 5
    },
    "fix": {
      "mean": 1.2149550218294036,
      "std": 0.12496162380358795,
      "count": 5
    },
    "neg_normal": {
      "mean": 1.1216958773289676,
      "std": 0.06086214399229966,
      "count": 4
    },
    "pos_normal": {
      "mean": 1.0955095263354924,
      "std": 0.06901967615571661,
      "count": 5
    }
  },
  "medium": {
    "error": {
      "mean": 1.207143704876165,
      "std": 0.1662400357949661,
      "count": 3
    },
    "fix": {
      "mean": 1.1702879053553896,
      "std": 0.18638929663854506,
      "count": 3
    },
    "neg_normal": {
      "mean": 13949322.60369048,
      "std": 19727319.618462835,
      "count": 3
    },
    "pos_normal": {
      "mean": 1.065580991078516,
      "std": 0.0837038336897393,
      "count": 3
    }
  },
  "hard": {
    "error": {
      "mean": 1.1291151496227492,
      "std": 0.20884262174617305,
      "count": 3
    },
    "fix": {
      "mean": 1.0493061647388016,
      "std": 0.06509814601199429,
      "count": 3
    },
    "neg_normal": {
      "mean": 1.2013957183692083,
      "std": 0.014509228980958428,
      "count": 3
    },
    "pos_normal": {
      "mean": 1.1794333887850845,
      "std": 0.0,
      "count": 1
    }
  }
}