{
  "easy": {
    "error": {
      "mean": 1.5055822496817712,
      "std": 0.20619178845108918,
      "count": 5
    },
    "fix": {
      "mean": 1.3826259845383522,
      "std": 0.18656027640281292,
      "count": 5
    },
    "neg_normal": {
      "mean": 1.3400489163840175,
      "std": 0.11023265185680917,
      "count": 4
    },
    "pos_normal": {
      "mean": 1.2812775417166702,
      "std": 0.04134201977761391,
      "count": 5
    }
  },
  "medium": {
    "error": {
      "mean": 1.272419612361614,
      "std": 0.1330834608823583,
      "count": 3
    },
    "fix": {
      "mean": 1.22997365558614,
      "std": 0.07637453791713834,
      "count": 3
    },
    "neg_normal": {
      "mean": 20234720.264378656,
      "std": 28616214.038953464,
      "count": 3
    },
    "pos_normal": {
      "mean": 1.2849664265551441,
      "std": 0.10398691591141607,
      "count": 3
    }
  },
  "hard": {
    "error": {
      "mean": 136422012.09872058,
      "std": 192929857.90874854,
      "count": 3
    },
    "fix": {
      "mean": 204220176.20617637,
      "std": 288810941.26893824,
      "count": 3
    },
    "neg_normal": {
      "mean": 1.3723381894885343,
      "std": 0.06881938882303354,
      "count": 3
    },
    "pos_normal": {
      "mean": 1.2739826716649574,
      "std": 0.0,
      "count": 1
    }
  }
}