{
  "easy": {
    "error": {
      "mean": 1.2686886433132707,
      "std": 0.12515123721545973,
      "count": 5
    },
    "fix": {
      "mean": 1.1497180421458417,
      "std": 0.0667411452805235,
      "count": 5
    },
    "neg_normal": {
      "mean": 1.2109874240584708,
      "std": 0.05413237143030039,
      "count": 4
    },
    "pos_normal": {
      "mean": 1.1888685373051626,
      "std": 0.048724563960558055,
      "count": 5
    }
  },
  "medium": {
    "error": {
      "mean": 1.0724289605063828,
      "std": 0.06740565264918902,
      "count": 3
    },
    "fix": {
      "mean": 1.071308266737877,
      "std": 0.10974946780483223,
      "count": 3
    },
    "neg_normal": {
      "mean": 1.1760924368078958,
      "std": 0.039255180180921806,
      "count": 3
    },
    "pos_normal": {
      "mean": 1.2286143564408443,
      "std": 0.06963294989576181,
      "count": 3
    }
  },
  "hard": {
    "error": {
      "mean": 136422011.98535594,
      "std": 192929857.9069371,
      "count": 3
    },
    "fix": {
      "mean": 204220176.14905617,
      "std": 288810941.1848474,
      "count": 3
    },
    "neg_normal": {
      "mean": 1.1691312982449158,
      "std": 0.05523037589935366,
      "count": 3
    },
    "pos_normal": {
      "mean": 1.0992522083639045,
      "std": 0.0,
      "count": 1
    }
  }
}