{
  "easy": {
    "error": {
      "mean": 0.17410439030153171,
      "std": 0.05201802465980634,
      "count": 5
    },
    "fix": {
      "mean": 0.17094956119113638,
      "std": 0.04657583663238117,
      "count": 5
    },
    "neg_normal": {
      "mean": 0.1679165061004365,
      "std": 0.037153998391313676,
      "count": 4
    },
    "pos_normal": {
      "mean": 0.14752080364539483,
      "std": 0.030106147803464996,
      "count": 5
    }
  },
  "medium": {
    "error": {
      "mean": 0.1291413281503462,
      "std": 0.0077926400343248615,
      "count": 3
    },
    "fix": {
      "mean": 0.12399982133178444,
      "std": 0.011286210505593672,
      "count": 3
    },
    "neg_normal": {
      "mean": 0.16136171655775788,
      "std": 0.0006645542113961223,
      "count": 3
    },
    "pos_normal": {
      "mean": 0.16564250623865404,
      "std": 0.02284564043684447,
      "count": 3
    }
  },
  "hard": {
    "error": {
      "mean": 0.13220643528000192,
      "std": 0.010620509719000722,
      "count": 3
    },
    "fix": {
      "mean": 0.12575657576022178,
      "std": 0.007116687502590037,
      "count": 3
    },
    "neg_normal": {
      "mean": 0.16860641386354802,
      "std": 0.03498715424063011,
      "count": 3
    },
    "pos_normal": {
      "mean": 0.16817138491051425,
      "std": 0.0,
      "count": 1
    }
  }
}