{
  "easy": {
    "error": {
      "mean": 9.972003436528158,
      "std": 0.4492745716618726,
      "count": 5
    },
    "fix": {
      "mean": 10.033997301443254,
      "std": 0.5456236076057428,
      "count": 5
    },
    "neg_normal": {
      "mean": 9.833155318715962,
      "std": 0.47647530255539844,
      "count": 4
    },
    "pos_normal": {
      "mean": 9.78660093846831,
      "std": 0.24581436683736674,
      "count": 5
    }
  },
  "medium": {
    "error": {
      "mean": 9.569873326660385,
      "std": 0.36512036433163253,
      "count": 3
    },
    "fix": {
      "mean": 9.537168411104993,
      "std": 0.5468212426693225,
      "count": 3
    },
    "neg_normal": {
      "mean": 9.87442764579176,
      "std": 0.4580165527921824,
      "count": 3
    },
    "pos_normal": {
      "mean": 9.878776637851466,
      "std": 0.3100605715266933,
      "count": 3
    }
  },
  "hard": {
    "error": {
      "mean": 9.318935677143715,
      "std": 0.2557476998545494,
      "count": 3
    },
    "fix": {
      "mean": 9.659839359968432,
      "std": 0.7782648902796466,
      "count": 3
    },
    "neg_normal": {
      "mean": 9.45311927878293,
      "std": 0.41970630888029514,
      "count": 3
    },
    "pos_normal": {
      "mean": 10.134470687804491,
      "std": 0.0,
      "count": 1
    }
  }
}