{
  "easy": {
    "error": {
      "mean": 0.0006703848770949225,
      "std": 0.00023368788974826264,
      "count": 5
    },
    "fix": {
      "mean": 0.020678024961213785,
      "std": 0.04000691361895881,
      "count": 5
    },
    "neg_normal": {
      "mean": 0.03556801408301654,
      "std": 0.03511960807350356,
      "count": 4
    },
    "pos_normal": {
      "mean": 0.007879371490418464,
      "std": 0.013171924434460892,
      "count": 5
    }
  },
  "medium": {
    "error": {
      "mean": 0.0015534484940918907,
      "std": 0.0012886567016155688,
      "count": 3
    },
    "fix": {
      "mean": 0.0005779116009075993,
      "std": 0.0001867406451513632,
      "count": 3
    },
    "neg_normal": {
      "mean": 0.047393710142772376,
      "std": 0.0356195409764585,
      "count": 3
    },
    "pos_normal": {
      "mean": 0.001028877996745436,
      "std": 0.00019439653761079152,
      "count": 3
    }
  },
  "hard": {
    "error": {
      "mean": 0.11288462209522238,
      "std": 0.15877038494684506,
      "count": 3
    },
    "fix": {
      "mean": 0.16909051809885342,
      "std": 0.2380701222744891,
      "count": 3
    },
    "neg_normal": {
      "mean": 0.005640199449321741,
      "std": 0.006841338816175412,
      "count": 3
    },
    "pos_normal": {
      "mean": 0.0007663219012154142,
      "std": 0.0,
      "count": 1
    }
  }
}