{
  "easy": {
    "error": {
      "mean": 8.85,
      "std": 0.8154753215150046,
      "count": 5
    },
    "fix": {
      "mean": 7.733809523809524,
      "std": 0.7877641370365289,
      "count": 5
    },
    "neg_normal": {
      "mean": 7.077024424850512,
      "std": 0.362131262921796,
      "count": 4
    },
    "pos_normal": {
      "mean": 7.262222222222222,
      "std": 0.6255703570382297,
      "count": 5
    }
  },
  "medium": {
    "error": {
      "mean": 8.14871794871795,
      "std": 0.6102779569563997,
      "count": 3
    },
    "fix": {
      "mean": 7.861111111111111,
      "std": 0.4827263110272992,
      "count": 3
    },
    "neg_normal": {
      "mean": 7.6116704805492,
      "std": 0.07093747692832154,
      "count": 3
    },
    "pos_normal": {
      "mean": 7.590852130325814,
      "std": 0.10425507865383175,
      "count": 3
    }
  },
  "hard": {
    "error": {
      "mean": 7.888888888888889,
      "std": 1.5713484026367723,
      "count": 3
    },
    "fix": {
      "mean": 5.833333333333333,
      "std": 2.0138409955990957,
      "count": 3
    },
    "neg_normal": {
      "mean": 7.511428571428572,
      "std": 0.3481574434680046,
      "count": 3
    },
    "pos_normal": {
      "mean": 7.45,
      "std": 0.0,
      "count": 1
    }
  }
}