{
  "easy": {
    "error": {
      "mean": 48.6596938479758,
      "std": 7.031272518602085,
      "count": 5
    },
    "fix": {
      "mean": 47.349619617660814,
      "std": 5.169040145935401,
      "count": 5
    },
    "neg_normal": {
      "mean": 45.95321003737106,
      "std": 3.304333061997113,
      "count": 4
    },
    "pos_normal": {
      "mean": 44.405812815624735,
      "std": 1.9038068492295894,
      "count": 5
    }
  },
  "medium": {
    "error": {
      "mean": 43.51442111960896,
      "std": 0.9313392362558628,
      "count": 3
    },
    "fix": {
      "mean": 42.38080166907553,
      "std": 5.062466670604218,
      "count": 3
    },
    "neg_normal": {
      "mean": 44.97079439152984,
      "std": 1.7204650809152242,
      "count": 3
    },
    "pos_normal": {
      "mean": 45.348310156152756,
      "std": 1.4144523491396424,
      "count": 3
    }
  },
  "hard": {
    "error": {
      "mean": 39.55872715950471,
      "std": 5.240088612986225,
      "count": 3
    },
    "fix": {
      "mean": 43.55236879913458,
      "std": 11.084560843479851,
      "count": 3
    },
    "neg_normal": {
      "mean": 44.59640046082574,
      "std": 1.6741442305548875,
      "count": 3
    },
    "pos_normal": {
      "mean": 46.910943680800166,
      "std": 0.0,
      "count": 1
    }
  }
}