{
  "easy": {
    "error": {
      "mean": 0.7804716148796661,
      "std": 0.11710765773585499,
      "count": 5
    },
    "fix": {
      "mean": 0.8055941883724866,
      "std": 0.13614630114887452,
      "count": 5
    },
    "neg_normal": {
      "mean": 0.8558650881527708,
      "std": 0.0789468747936016,
      "count": 4
    },
    "pos_normal": {
      "mean": 0.8797164946116813,
      "std": 0.09722244613584984,
      "count": 5
    }
  },
  "medium": {
    "error": {
      "mean": 0.8233834884551411,
      "std": 0.08488337931296597,
      "count": 3
    },
    "fix": {
      "mean": 0.6940035307429085,
      "std": 0.12972038279005652,
      "count": 3
    },
    "neg_normal": {
      "mean": 0.8037900497340971,
      "std": 0.045196467964698034,
      "count": 3
    },
    "pos_normal": {
      "mean": 0.8243041285914772,
      "std": 0.030611213780274586,
      "count": 3
    }
  },
  "hard": {
    "error": {
      "mean": 0.813760217436688,
      "std": 0.12066629797555413,
      "count": 3
    },
    "fix": {
      "mean": 0.9555555555555556,
      "std": 0.034246744460938776,
      "count": 3
    },
    "neg_normal": {
      "mean": 0.6713020633026594,
      "std": 0.2155162284952746,
      "count": 3
    },
    "pos_normal": {
      "mean": 0.8196550063257024,
      "std": 0.0,
      "count": 1
    }
  }
}