{
  "easy": {
    "error": {
      "mean": 21.64969077830272,
      "std": 2.933302108693422,
      "count": 5
    },
    "fix": {
      "mean": 20.857576456885134,
      "std": 2.4355538256557727,
      "count": 5
    },
    "neg_normal": {
      "mean": 19.845660593279387,
      "std": 1.483565783045599,
      "count": 4
    },
    "pos_normal": {
      "mean": 19.250119616125765,
      "std": 1.0968016630485757,
      "count": 5
    }
  },
  "medium": {
    "error": {
      "mean": 19.466208985374394,
      "std": 0.4935480513109023,
      "count": 3
    },
    "fix": {
      "mean": 18.795759200369858,
      "std": 1.9850426359869116,
      "count": 3
    },
    "neg_normal": {
      "mean": 19.865257726645336,
      "std": 0.9409427806643554,
      "count": 3
    },
    "pos_normal": {
      "mean": 19.957943054462095,
      "std": 0.2599131248503421,
      "count": 3
    }
  },
  "hard": {
    "error": {
      "mean": 19.657438476449443,
      "std": 0.6889798648383674,
      "count": 3
    },
    "fix": {
      "mean": 20.180981067315788,
      "std": 3.06379944470969,
      "count": 3
    },
    "neg_normal": {
      "mean": 19.586639341815374,
      "std": 0.6130190554426992,
      "count": 3
    },
    "pos_normal": {
      "mean": 20.80777012349,
      "std": 0.0,
      "count": 1
    }
  }
}