{
  "easy": {
    "error": {
      "mean": 23.55,
      "std": 4.172529209005013,
      "count": 5
    },
    "fix": {
      "mean": 19.308095238095238,
      "std": 2.9709186070329348,
      "count": 5
    },
    "neg_normal": {
      "mean": 17.34967568663221,
      "std": 1.7405845865367362,
      "count": 4
    },
    "pos_normal": {
      "mean": 17.059738562091503,
      "std": 2.404909704613143,
      "count": 5
    }
  },
  "medium": {
    "error": {
      "mean": 19.818803418803416,
      "std": 3.2702789225285493,
      "count": 3
    },
    "fix": {
      "mean": 23.13888888888889,
      "std": 2.55706477174779,
      "count": 3
    },
    "neg_normal": {
      "mean": 20.374980930587338,
      "std": 2.109254832964485,
      "count": 3
    },
    "pos_normal": {
      "mean": 19.075766338924236,
      "std": 1.0803512076661088,
      "count": 3
    }
  },
  "hard": {
    "error": {
      "mean": 21.777777777777782,
      "std": 5.173531878587918,
      "count": 3
    },
    "fix": {
      "mean": 12.5,
      "std": 6.867799259345505,
      "count": 3
    },
    "neg_normal": {
      "mean": 19.387550034506557,
      "std": 0.35903520241544734,
      "count": 3
    },
    "pos_normal": {
      "mean": 18.975,
      "std": 0.0,
      "count": 1
    }
  }
}