{
  "easy": {
    "error": {
      "mean": 29.1,
      "std": 5.921570737566174,
      "count": 5
    },
    "fix": {
      "mean": 23.318095238095236,
      "std": 4.092033519168125,
      "count": 5
    },
    "neg_normal": {
      "mean": 20.553030303030305,
      "std": 2.5122633106720245,
      "count": 4
    },
    "pos_normal": {
      "mean": 20.10732026143791,
      "std": 3.331409374271519,
      "count": 5
    }
  },
  "medium": {
    "error": {
      "mean": 23.67008547008547,
      "std": 4.3227379359005225,
      "count": 3
    },
    "fix": {
      "mean": 28.36111111111111,
      "std": 3.8202271925199867,
      "count": 3
    },
    "neg_normal": {
      "mean": 24.79351639969489,
      "std": 2.903716840246907,
      "count": 3
    },
    "pos_normal": {
      "mean": 22.914256795835744,
      "std": 1.372199714722974,
      "count": 3
    }
  },
  "hard": {
    "error": {
      "mean": 26.888888888888886,
      "std": 7.375300789011597,
      "count": 3
    },
    "fix": {
      "mean": 14.5,
      "std": 8.256310717667224,
      "count": 3
    },
    "neg_normal": {
      "mean": 23.766666666666666,
      "std": 0.9177266598624134,
      "count": 3
    },
    "pos_normal": {
      "mean": 22.95,
      "std": 0.0,
      "count": 1
    }
  }
}