{
  "easy": {
    "error": {
      "mean": 14.05,
      "std": 1.9196353820452468,
      "count": 5
    },
    "fix": {
      "mean": 11.962857142857143,
      "std": 1.4889415498183636,
      "count": 5
    },
    "neg_normal": {
      "mean": 11.01662106009932,
      "std": 0.888234730582998,
      "count": 4
    },
    "pos_normal": {
      "mean": 10.971503267973855,
      "std": 0.9336401795082372,
      "count": 5
    }
  },
  "medium": {
    "error": {
      "mean": 12.182905982905984,
      "std": 1.830016524301595,
      "count": 3
    },
    "fix": {
      "mean": 14.333333333333334,
      "std": 1.3140973525016522,
      "count": 3
    },
    "neg_normal": {
      "mean": 12.530358504958047,
      "std": 0.9574934449768593,
      "count": 3
    },
    "pos_normal": {
      "mean": 11.95908039329092,
      "std": 0.6028130145960833,
      "count": 3
    }
  },
  "hard": {
    "error": {
      "mean": 13.111111111111109,
      "std": 2.5288459281646762,
      "count": 3
    },
    "fix": {
      "mean": 8.166666666666666,
      "std": 4.089281382128433,
      "count": 3
    },
    "neg_normal": {
      "mean": 12.221131815044858,
      "std": 0.46887242121904793,
      "count": 3
    },
    "pos_normal": {
      "mean": 11.8,
      "std": 0.0,
      "count": 1
    }
  }
}