{
  "easy": {
    "error": {
      "mean": 2186.526500287881,
      "std": 498.89654274923487,
      "count": 5
    },
    "fix": {
      "mean": 1749.531471073765,
      "std": 492.94563267693076,
      "count": 5
    },
    "neg_normal": {
      "mean": 1398.554802632003,
      "std": 332.2195776596885,
      "count": 4
    },
    "pos_normal": {
      "mean": 1376.2750974581393,
      "std": 328.9417643252225,
      "count": 5
    }
  },
  "medium": {
    "error": {
      "mean": 1657.8485211817544,
      "std": 364.72009240395334,
      "count": 3
    },
    "fix": {
      "mean": 2059.2493267835584,
      "std": 553.1421732668958,
      "count": 3
    },
    "neg_normal": {
      "mean": 1771.4758834993852,
      "std": 286.6991720105458,
      "count": 3
    },
    "pos_normal": {
      "mean": 1598.9163603688191,
      "std": 271.1305656868809,
      "count": 3
    }
  },
  "hard": {
    "error": {
      "mean": 1906.4965373734376,
      "std": 518.5153235203408,
      "count": 3
    },
    "fix": {
      "mean": 938.1821303806696,
      "std": 668.8390767244933,
      "count": 3
    },
    "neg_normal": {
      "mean": 1591.0679813058284,
      "std": 42.0412660191465,
      "count": 3
    },
    "pos_normal": {
      "mean": 1613.6594794668158,
      "std": 0.0,
      "count": 1
    }
  }
}