{
  "easy": {
    "error": {
      "mean": 32.725,
      "std": 6.84306218004776,
      "count": 5
    },
    "fix": {
      "mean": 26.02809523809524,
      "std": 4.69476052820946,
      "count": 5
    },
    "neg_normal": {
      "mean": 22.769154758285197,
      "std": 2.796338401177204,
      "count": 4
    },
    "pos_normal": {
      "mean": 22.35895424836601,
      "std": 4.038678251785446,
      "count": 5
    }
  },
  "medium": {
    "error": {
      "mean": 26.46837606837607,
      "std": 5.2958087096960424,
      "count": 3
    },
    "fix": {
      "mean": 31.888888888888886,
      "std": 4.663358615874069,
      "count": 3
    },
    "neg_normal": {
      "mean": 27.592601067887113,
      "std": 3.5102968877988734,
      "count": 3
    },
    "pos_normal": {
      "mean": 25.535280508964718,
      "std": 1.5281191046925287,
      "count": 3
    }
  },
  "hard": {
    "error": {
      "mean": 31.222222222222218,
      "std": 9.386094258641277,
      "count": 3
    },
    "fix": {
      "mean": 15.833333333333334,
      "std": 8.566731517264266,
      "count": 3
    },
    "neg_normal": {
      "mean": 27.775624568668047,
      "std": 2.787368961657608,
      "count": 3
    },
    "pos_normal": {
      "mean": 25.475,
      "std": 0.0,
      "count": 1
    }
  }
}