{
  "easy": {
    "error": {
      "mean": 2.6661636926333947,
      "std": 0.419814269561562,
      "count": 5
    },
    "fix": {
      "mean": 2.6224111347047154,
      "std": 0.35606557912005754,
      "count": 5
    },
    "neg_normal": {
      "mean": 2.26214190441553,
      "std": 0.25877766989323975,
      "count": 4
    },
    "pos_normal": {
      "mean": 2.1749777355757947,
      "std": 0.26692677394777875,
      "count": 5
    }
  },
  "medium": {
    "error": {
      "mean": 2.3805040971076434,
      "std": 0.19210360152217623,
      "count": 3
    },
    "fix": {
      "mean": 2.4104240199032523,
      "std": 0.3449759589237902,
      "count": 3
    },
    "neg_normal": {
      "mean": 2.1595673497729213,
      "std": 0.08450819250881263,
      "count": 3
    },
    "pos_normal": {
      "mean": 2.3050765655726475,
      "std": 0.10957042225638484,
      "count": 3
    }
  },
  "hard": {
    "error": {
      "mean": 2.150789546901855,
      "std": 0.3516062213712694,
      "count": 3
    },
    "fix": {
      "mean": 2.0165759824424834,
      "std": 0.7316173926637124,
      "count": 3
    },
    "neg_normal": {
      "mean": 2.421505569137095,
      "std": 0.24368842358103499,
      "count": 3
    },
    "pos_normal": {
      "mean": 2.4525946475237013,
      "std": 0.0,
      "count": 1
    }
  }
}