{
  "easy": {
    "error": {
      "mean": 10.021004777743286,
      "std": 0.7735461691367929,
      "count": 5
    },
    "fix": {
      "mean": 10.200240090824941,
      "std": 0.7341546978535954,
      "count": 5
    },
    "neg_normal": {
      "mean": 10.339940393852121,
      "std": 0.413715398750187,
      "count": 4
    },
    "pos_normal": {
      "mean": 10.36470095964611,
      "std": 0.3373516780943954,
      "count": 5
    }
  },
  "medium": {
    "error": {
      "mean": 9.898126025062782,
      "std": 0.6663685606841492,
      "count": 3
    },
    "fix": {
      "mean": 9.263225659343936,
      "std": 0.26282265580329117,
      "count": 3
    },
    "neg_normal": {
      "mean": 10.214836955946828,
      "std": 0.6375246030852835,
      "count": 3
    },
    "pos_normal": {
      "mean": 10.08880333034415,
      "std": 0.20567472036573475,
      "count": 3
    }
  },
  "hard": {
    "error": {
      "mean": 10.315067506176598,
      "std": 1.2254222787784688,
      "count": 3
    },
    "fix": {
      "mean": 11.775547177618185,
      "std": 1.3604211453206054,
      "count": 3
    },
    "neg_normal": {
      "mean": 9.132816813869335,
      "std": 1.3130593853390728,
      "count": 3
    },
    "pos_normal": {
      "mean": 10.292729484931158,
      "std": 0.0,
      "count": 1
    }
  }
}