{
  "easy": {
    "error": {
      "mean": 16.918647050778105,
      "std": 2.6746580527433745,
      "count": 5
    },
    "fix": {
      "mean": 16.49334264509364,
      "std": 1.9580818541253544,
      "count": 5
    },
    "neg_normal": {
      "mean": 15.349935815342072,
      "std": 1.178676670679698,
      "count": 4
    },
    "pos_normal": {
      "mean": 14.88672841717449,
      "std": 1.0425604813415834,
      "count": 5
    }
  },
  "medium": {
    "error": {
      "mean": 15.267907001998106,
      "std": 0.16148261065625252,
      "count": 3
    },
    "fix": {
      "mean": 14.469249857784908,
      "std": 2.126158526304765,
      "count": 3
    },
    "neg_normal": {
      "mean": 15.233846442636931,
      "std": 1.142376229846482,
      "count": 3
    },
    "pos_normal": {
      "mean": 15.337563696676398,
      "std": 0.43963398064562337,
      "count": 3
    }
  },
  "hard": {
    "error": {
      "mean": 15.48848611064619,
      "std": 0.6458126740382031,
      "count": 3
    },
    "fix": {
      "mean": 16.521340035536003,
      "std": 2.417622610271415,
      "count": 3
    },
    "neg_normal": {
      "mean": 15.05965674937906,
      "std": 0.5375717185080094,
      "count": 3
    },
    "pos_normal": {
      "mean": 16.468666637782043,
      "std": 0.0,
      "count": 1
    }
  }
}