{
  "easy": {
    "error": {
      "mean": 2.75,
      "std": 0.6324555320336759,
      "count": 5
    },
    "fix": {
      "mean": 2.9419047619047616,
      "std": 0.5081949739216971,
      "count": 5
    },
    "neg_normal": {
      "mean": 3.0489763859329075,
      "std": 0.4121811074183464,
      "count": 4
    },
    "pos_normal": {
      "mean": 3.0524183006535948,
      "std": 0.5174193068657502,
      "count": 5
    }
  },
  "medium": {
    "error": {
      "mean": 3.1128205128205124,
      "std": 0.3118522214463748,
      "count": 3
    },
    "fix": {
      "mean": 2.9166666666666665,
      "std": 0.31180478223116176,
      "count": 3
    },
    "neg_normal": {
      "mean": 2.974141876430206,
      "std": 0.2984234966531883,
      "count": 3
    },
    "pos_normal": {
      "mean": 2.8259109311740893,
      "std": 0.371768541602273,
      "count": 3
    }
  },
  "hard": {
    "error": {
      "mean": 2.611111111111111,
      "std": 0.8202679477907444,
      "count": 3
    },
    "fix": {
      "mean": 2.6666666666666665,
      "std": 1.3123346456686351,
      "count": 3
    },
    "neg_normal": {
      "mean": 3.183968253968254,
      "std": 0.1198136202730001,
      "count": 3
    },
    "pos_normal": {
      "mean": 3.0,
      "std": 0.0,
      "count": 1
    }
  }
}