{
  "easy": {
    "error": {
      "mean": 14.42272148084191,
      "std": 0.6681735316624824,
      "count": 5
    },
    "fix": {
      "mean": 14.54272432132978,
      "std": 0.7920072630146453,
      "count": 5
    },
    "neg_normal": {
      "mean": 14.342906285956136,
      "std": 0.6846890038916509,
      "count": 4
    },
    "pos_normal": {
      "mean": 14.23765028637359,
      "std": 0.33130240951272977,
      "count": 5
    }
  },
  "medium": {
    "error": {
      "mean": 13.879758583271538,
      "std": 0.4981595065388986,
      "count": 3
    },
    "fix": {
      "mean": 13.722390908898454,
      "std": 0.7601720020708469,
      "count": 3
    },
    "neg_normal": {
      "mean": 14.366614462815626,
      "std": 0.6925926653785579,
      "count": 3
    },
    "pos_normal": {
      "mean": 14.335566834000971,
      "std": 0.41637288866329675,
      "count": 3
    }
  },
  "hard": {
    "error": {
      "mean": 13.941598210538672,
      "std": 0.38724699129536433,
      "count": 3
    },
    "fix": {
      "mean": 14.781083100886084,
      "std": 0.44436094749125526,
      "count": 3
    },
    "neg_normal": {
      "mean": 13.664504658899377,
      "std": 0.637370690175554,
      "count": 3
    },
    "pos_normal": {
      "mean": 14.681908972968108,
      "std": 0.0,
      "count": 1
    }
  }
}