{
  "easy": {
    "error": {
      "mean": 15.881308792619157,
      "std": 2.843414913156171,
      "count": 5
    },
    "fix": {
      "mean": 14.67352776644248,
      "std": 2.7166289980366916,
      "count": 5
    },
    "neg_normal": {
      "mean": 12.961873150969861,
      "std": 1.488472442121976,
      "count": 4
    },
    "pos_normal": {
      "mean": 12.42168233364649,
      "std": 1.4966287425279727,
      "count": 5
    }
  },
  "medium": {
    "error": {
      "mean": 13.242219861793684,
      "std": 1.4026350135505294,
      "count": 3
    },
    "fix": {
      "mean": 13.607470384350739,
      "std": 2.607342591022071,
      "count": 3
    },
    "neg_normal": {
      "mean": 13.094970260622665,
      "std": 0.39413186204879924,
      "count": 3
    },
    "pos_normal": {
      "mean": 13.603386010637223,
      "std": 0.6152725662465797,
      "count": 3
    }
  },
  "hard": {
    "error": {
      "mean": 12.792609629362389,
      "std": 2.8569928359278336,
      "count": 3
    },
    "fix": {
      "mean": 10.816296750010594,
      "std": 4.953794574845221,
      "count": 3
    },
    "neg_normal": {
      "mean": 14.100127831092719,
      "std": 0.830488227371003,
      "count": 3
    },
    "pos_normal": {
      "mean": 13.967538452477157,
      "std": 0.0,
      "count": 1
    }
  }
}