{
  "easy": {
    "error": {
      "mean": 0.0850742662501169,
      "std": 0.011484116684205646,
      "count": 5
    },
    "fix": {
      "mean": 0.09228208432661902,
      "std": 0.0138212273957918,
      "count": 5
    },
    "neg_normal": {
      "mean": 0.09936171324132038,
      "std": 0.0051863463171008695,
      "count": 4
    },
    "pos_normal": {
      "mean": 0.1002779291779122,
      "std": 0.0056575448454431075,
      "count": 5
    }
  },
  "medium": {
    "error": {
      "mean": 0.09682018468113986,
      "std": 0.00663870224473502,
      "count": 3
    },
    "fix": {
      "mean": 0.08672596124129912,
      "std": 0.003706114397999712,
      "count": 3
    },
    "neg_normal": {
      "mean": 0.09592224417153283,
      "std": 0.0021115166095449513,
      "count": 3
    },
    "pos_normal": {
      "mean": 0.09664556939309792,
      "std": 0.0042482507647795325,
      "count": 3
    }
  },
  "hard": {
    "error": {
      "mean": 0.08040834450610512,
      "std": 0.005627035478670664,
      "count": 3
    },
    "fix": {
      "mean": 0.08675297714255399,
      "std": 0.01449638084414706,
      "count": 3
    },
    "neg_normal": {
      "mean": 0.09151340031383294,
      "std": 0.001245226130712711,
      "count": 3
    },
    "pos_normal": {
      "mean": 0.09706913042383276,
      "std": 0.0,
      "count": 1
    }
  }
}