{
  "easy": {
    "error": {
      "mean": 16.44239327625805,
      "std": 3.3045127929067055,
      "count": 5
    },
    "fix": {
      "mean": 15.618589174275257,
      "std": 2.4087578866489006,
      "count": 5
    },
    "neg_normal": {
      "mean": 14.363353653763035,
      "std": 1.3847144413452008,
      "count": 4
    },
    "pos_normal": {
      "mean": 13.70198961034055,
      "std": 1.242696368193038,
      "count": 5
    }
  },
  "medium": {
    "error": {
      "mean": 14.227557262338346,
      "std": 0.5899171893727556,
      "count": 3
    },
    "fix": {
      "mean": 13.59678110352831,
      "std": 2.152536916638413,
      "count": 3
    },
    "neg_normal": {
      "mean": 14.2855420515753,
      "std": 0.7605199966147956,
      "count": 3
    },
    "pos_normal": {
      "mean": 14.546751930742404,
      "std": 0.3935000828233443,
      "count": 3
    }
  },
  "hard": {
    "error": {
      "mean": 14.150312340326884,
      "std": 0.9832416529968484,
      "count": 3
    },
    "fix": {
      "mean": 14.395930144200554,
      "std": 3.6097365827697296,
      "count": 3
    },
    "neg_normal": {
      "mean": 14.350666784166181,
      "std": 0.4157856288802691,
      "count": 3
    },
    "pos_normal": {
      "mean": 15.266334497496038,
      "std": 0.0,
      "count": 1
    }
  }
}