{
  "easy": {
    "error": {
      "mean": 0.7532287653958675,
      "std": 0.043897755977073113,
      "count": 5
    },
    "fix": {
      "mean": 0.7546730602961864,
      "std": 0.029872307944315463,
      "count": 5
    },
    "neg_normal": {
      "mean": 0.7452624844713859,
      "std": 0.04269043166697517,
      "count": 4
    },
    "pos_normal": {
      "mean": 0.7482145032885685,
      "std": 0.016556133996916505,
      "count": 5
    }
  },
  "medium": {
    "error": {
      "mean": 0.7833859263327367,
      "std": 0.010104988008216726,
      "count": 3
    },
    "fix": {
      "mean": 0.7898898560700398,
      "std": 0.03168851507964846,
      "count": 3
    },
    "neg_normal": {
      "mean": 0.7548708353723382,
      "std": 0.0031329943854939797,
      "count": 3
    },
    "pos_normal": {
      "mean": 0.7586853517557386,
      "std": 0.010980540885916948,
      "count": 3
    }
  },
  "hard": {
    "error": {
      "mean": 0.675473495183636,
      "std": 0.14083166295311225,
      "count": 3
    },
    "fix": {
      "mean": 0.6048863359427173,
      "std": 0.2266998599072171,
      "count": 3
    },
    "neg_normal": {
      "mean": 0.7315686606493689,
      "std": 0.007712410637118426,
      "count": 3
    },
    "pos_normal": {
      "mean": 0.7576660726530786,
      "std": 0.0,
      "count": 1
    }
  }
}