{
  "error": {
    "mean": 1.2367802467329219,
    "std": 0.10740680522332517,
    "min": 1.0851921836883274,
    "max": 1.4423897252039375,
    "count": 8
  },
  "fix": {
    "mean": 1.2502920445015584,
    "std": 0.16743009770213216,
    "min": 0.9904625072950671,
    "max": 1.6086565215842061,
    "count": 10
  },
  "neg_normal": {
    "mean": 1.2233890805554024,
    "std": 0.1815694390162149,
    "min": 0.9520320955064799,
    "max": 1.6247078239200647,
    "count": 23
  },
  "pos_normal": {
    "mean": 1.238018941655274,
    "std": 0.19664145446151135,
    "min": 0.9057579800474508,
    "max": 1.6607138884217112,
    "count": 30
  }
}