{
  "error": {
    "mean": 1.658025853260782,
    "std": 0.1855587327200171,
    "min": 1.472467120540765,
    "max": 1.843584585980799,
    "count": 2
  },
  "fix": {
    "mean": 1.1879477863090928,
    "std": 0.32802451479569295,
    "min": 0.9566673889850777,
    "max": 1.7481992017088703,
    "count": 4
  },
  "neg_normal": {
    "mean": null,
    "std": null,
    "min": null,
    "max": null,
    "count": 0
  },
  "pos_normal": {
    "mean": 1.3083844383677126,
    "std": 0.18033977674832458,
    "min": 1.0143517445046677,
    "max": 1.7482698668278216,
    "count": 18
  }
}