{
  "error": {
    "mean": 1.2073492720485008,
    "std": 0.21725238243847345,
    "min": 0.9900968896100273,
    "max": 1.4246016544869742,
    "count": 2
  },
  "fix": {
    "mean": 1.007586665808141,
    "std": 0.05996351069333067,
    "min": 0.9476231551148103,
    "max": 1.0675501765014717,
    "count": 2
  },
  "neg_normal": {
    "mean": 1.3852503010424022,
    "std": 0.36364077955388485,
    "min": 0.8877899931739643,
    "max": 2.440939511173293,
    "count": 25
  },
  "pos_normal": {
    "mean": 1.2739826716649574,
    "std": 0.28779555473554097,
    "min": 0.6991620720324028,
    "max": 1.9491595790055665,
    "count": 40
  }
}