{
  "error": {
    "mean": 1.3488255951602393,
    "std": 0.14461020594002427,
    "min": 1.1443159215768761,
    "max": 1.4511924638402203,
    "count": 3
  },
  "fix": {
    "mean": 612660526.3104483,
    "std": 612660524.6979312,
    "min": 1.6125170596792746,
    "max": 1225321051.0083795,
    "count": 2
  },
  "neg_normal": {
    "mean": 1.4494232639911169,
    "std": 0.28524041027000896,
    "min": 1.0074063823256854,
    "max": 2.4633906495355604,
    "count": 69
  },
  "pos_normal": {
    "mean": null,
    "std": null,
    "min": null,
    "max": null,
    "count": 0
  }
}