{
  "error": {
    "mean": 409266033.7399869,
    "std": 578789573.4060552,
    "min": 1.2502791332934684,
    "max": 1227798098.2109683,
    "count": 3
  },
  "fix": {
    "mean": 1.3004941438395061,
    "std": 5.150262105002579e-05,
    "min": 1.3004426412184562,
    "max": 1.3005456464605563,
    "count": 2
  },
  "neg_normal": {
    "mean": 1.2823410034320837,
    "std": 0.24886152298567168,
    "min": 0.7791287597733552,
    "max": 1.6987289278862419,
    "count": 28
  },
  "pos_normal": {
    "mean": null,
    "std": null,
    "min": null,
    "max": null,
    "count": 0
  }
}