{
  "error": {
    "mean": 0.3125,
    "std": 0.0,
    "min": 0.3125,
    "max": 0.3125,
    "count": 1
  },
  "fix": {
    "mean": 0.28125,
    "std": 0.0,
    "min": 0.28125,
    "max": 0.28125,
    "count": 1
  },
  "neg_normal": {
    "mean": 0.35769980506822613,
    "std": 0.030790582843920698,
    "min": 0.3157894736842105,
    "max": 0.3888888888888889,
    "count": 3
  },
  "pos_normal": {
    "mean": 0.37524366471734893,
    "std": 0.08648690273481098,
    "min": 0.2631578947368421,
    "max": 0.47368421052631576,
    "count": 3
  }
}