{
  "error": {
    "mean": 0.28590544157002673,
    "std": 0.08251561106155217,
    "min": 0.2033898305084746,
    "max": 0.3684210526315789,
    "count": 2
  },
  "fix": {
    "mean": 0.30049019607843136,
    "std": 0.09612968820826011,
    "min": 0.23529411764705882,
    "max": 0.4666666666666667,
    "count": 4
  },
  "neg_normal": {
    "mean": null,
    "std": null,
    "min": null,
    "max": null,
    "count": 0
  },
  "pos_normal": {
    "mean": 0.3411850304265165,
    "std": 0.12768768850692996,
    "min": 0.15384615384615385,
    "max": 0.625,
    "count": 18
  }
}