{
  "error": {
    "mean": 0.454840951532128,
    "std": 0.14568441545535016,
    "min": 0.28125,
    "max": 0.7142857142857143,
    "count": 5
  },
  "fix": {
    "mean": 0.21836092246745897,
    "std": 0.006244153195342552,
    "min": 0.21052631578947367,
    "max": 0.22580645161290322,
    "count": 3
  },
  "neg_normal": {
    "mean": 0.3220160959548404,
    "std": 0.1986154889551519,
    "min": 0.14634146341463414,
    "max": 1.0,
    "count": 19
  },
  "pos_normal": {
    "mean": 0.36184302455543843,
    "std": 0.13666326827616684,
    "min": 0.12280701754385964,
    "max": 0.8333333333333334,
    "count": 38
  }
}