{
  "error": {
    "mean": 0.31170568561872913,
    "std": 0.06928379746268935,
    "min": 0.23076923076923078,
    "max": 0.4,
    "count": 3
  },
  "fix": {
    "mean": 0.24144828385899814,
    "std": 0.11433204869917188,
    "min": 0.12244897959183673,
    "max": 0.42857142857142855,
    "count": 4
  },
  "neg_normal": {
    "mean": 0.33456602739908176,
    "std": 0.14727820421079518,
    "min": 0.1095890410958904,
    "max": 0.6,
    "count": 10
  },
  "pos_normal": {
    "mean": 0.3134229566713959,
    "std": 0.11901711490973947,
    "min": 0.12244897959183673,
    "max": 0.6,
    "count": 26
  }
}