{
  "error": {
    "mean": 0.3137254901960784,
    "std": 0.019607843137254888,
    "min": 0.29411764705882354,
    "max": 0.3333333333333333,
    "count": 2
  },
  "fix": {
    "mean": 0.3828947368421053,
    "std": 0.06710526315789475,
    "min": 0.3157894736842105,
    "max": 0.45,
    "count": 2
  },
  "neg_normal": {
    "mean": 0.31875138315481566,
    "std": 0.1180249911428279,
    "min": 0.15384615384615385,
    "max": 0.6666666666666666,
    "count": 25
  },
  "pos_normal": {
    "mean": 0.3143682437890708,
    "std": 0.08113923171241066,
    "min": 0.175,
    "max": 0.47058823529411764,
    "count": 40
  }
}