{
  "error": {
    "mean": 0.2830501387463413,
    "std": 0.13660262153546962,
    "min": 0.13924050632911392,
    "max": 0.4666666666666667,
    "count": 3
  },
  "fix": {
    "mean": 0.8333333333333333,
    "std": 0.16666666666666669,
    "min": 0.6666666666666666,
    "max": 1.0,
    "count": 2
  },
  "neg_normal": {
    "mean": 0.28972252741367877,
    "std": 0.12542078637896842,
    "min": 0.12727272727272726,
    "max": 1.0,
    "count": 69
  },
  "pos_normal": {
    "mean": null,
    "std": null,
    "min": null,
    "max": null,
    "count": 0
  }
}