{
  "error": {
    "mean": 0.12914760509590334,
    "std": 0.025650979074032097,
    "min": 0.07848076121001286,
    "max": 0.1735812994724002,
    "count": 8
  },
  "fix": {
    "mean": 0.17849784307021024,
    "std": 0.08420811396521186,
    "min": 0.10333634065906519,
    "max": 0.3457277385077211,
    "count": 10
  },
  "neg_normal": {
    "mean": 0.16706747317148676,
    "std": 0.07866471175023233,
    "min": 0.06946121295416928,
    "max": 0.34194541015229907,
    "count": 23
  },
  "pos_normal": {
    "mean": 0.1497091590731128,
    "std": 0.054444747815845386,
    "min": 0.09824389222991646,
    "max": 0.31172197536311463,
    "count": 30
  }
}