{
  "error": {
    "mean": 0.22627943115333046,
    "std": 0.09079824231137527,
    "min": 0.1332324047259023,
    "max": 0.3241263847959527,
    "count": 4
  },
  "fix": {
    "mean": 0.24935459386349215,
    "std": 0.11904016387157558,
    "min": 0.12097379024259985,
    "max": 0.38359829066207496,
    "count": 6
  },
  "neg_normal": {
    "mean": 0.20379176057561266,
    "std": 0.10912693504132907,
    "min": 0.09252060477136007,
    "max": 0.4110568078591735,
    "count": 33
  },
  "pos_normal": {
    "mean": 0.19743002809051516,
    "std": 0.09649001156197203,
    "min": 0.08955204796611635,
    "max": 0.38359829066207496,
    "count": 34
  }
}