{
  "error": {
    "mean": 0.13683653075763857,
    "std": 0.03428949688090669,
    "min": 0.10482632789701536,
    "max": 0.1843878614259253,
    "count": 3
  },
  "fix": {
    "mean": 0.1174746894607964,
    "std": 0.02214049447843117,
    "min": 0.0877366522707014,
    "max": 0.1391907143858613,
    "count": 4
  },
  "neg_normal": {
    "mean": 0.16212480418443506,
    "std": 0.08811580008482527,
    "min": 0.07129272742727145,
    "max": 0.3319115188048098,
    "count": 10
  },
  "pos_normal": {
    "mean": 0.13393644222391593,
    "std": 0.05949536870378122,
    "min": 0.06876028192514995,
    "max": 0.3210173455344477,
    "count": 26
  }
}