{
  "error": {
    "mean": 0.11846176148661626,
    "std": 0.01971514305594645,
    "min": 0.08963465416277029,
    "max": 0.15271057487977677,
    "count": 13
  },
  "fix": {
    "mean": 0.13987725198769943,
    "std": 0.013373908652534586,
    "min": 0.11960955050016213,
    "max": 0.1558195625001477,
    "count": 12
  },
  "neg_normal": {
    "mean": 0.16050507127595637,
    "std": 0.0678520362173538,
    "min": 0.08701787665696194,
    "max": 0.3469794346532565,
    "count": 46
  },
  "pos_normal": {
    "mean": 0.1761169641808668,
    "std": 0.07763216777828048,
    "min": 0.09344566460609662,
    "max": 0.371737724959491,
    "count": 28
  }
}