{
  "error": {
    "mean": 0.12293840277665223,
    "std": 0.0198461473074078,
    "min": 0.09492482405910274,
    "max": 0.13843981583313103,
    "count": 3
  },
  "fix": {
    "mean": 0.12296678659897986,
    "std": 0.12296678659897986,
    "min": 0.0,
    "max": 0.24593357319795972,
    "count": 2
  },
  "neg_normal": {
    "mean": 0.21161425374270904,
    "std": 0.06393407641479956,
    "min": 0.06735141222175098,
    "max": 0.40331258876907217,
    "count": 69
  },
  "pos_normal": {
    "mean": null,
    "std": null,
    "min": null,
    "max": null,
    "count": 0
  }
}