{
  "error": {
    "mean": 0.06362830462074105,
    "std": 0.004064031334785853,
    "min": 0.05871287319146095,
    "max": 0.06857880474606155,
    "count": 4
  },
  "fix": {
    "mean": 0.06131455296161931,
    "std": 0.007624055667293765,
    "min": 0.0465144863786962,
    "max": 0.06999653535495562,
    "count": 6
  },
  "neg_normal": {
    "mean": 0.05770192562536917,
    "std": 0.005372733203769666,
    "min": 0.04785909075478556,
    "max": 0.07058965199948333,
    "count": 33
  },
  "pos_normal": {
    "mean": 0.059551696637526644,
    "std": 0.006089037818732549,
    "min": 0.046514496992263565,
    "max": 0.06999621081793903,
    "count": 34
  }
}