{
  "error": {
    "mean": 0.06311175522064674,
    "std": 0.0035915580747588466,
    "min": 0.057433083263955895,
    "max": 0.06675506713106205,
    "count": 5
  },
  "fix": {
    "mean": 0.06138207192702797,
    "std": 0.004307379889966359,
    "min": 0.05542822299227528,
    "max": 0.06547436378739108,
    "count": 3
  },
  "neg_normal": {
    "mean": 0.05990535226093739,
    "std": 0.006084544631498028,
    "min": 0.04672018050152192,
    "max": 0.07100229511059256,
    "count": 19
  },
  "pos_normal": {
    "mean": 0.06030278156556751,
    "std": 0.006486426370127089,
    "min": 0.0501043826691779,
    "max": 0.07326986568357083,
    "count": 38
  }
}