{
  "error": {
    "mean": 0.058632762124908006,
    "std": 0.00932362900127276,
    "min": 0.049309133123635246,
    "max": 0.06795639112618077,
    "count": 2
  },
  "fix": {
    "mean": 0.0684934633534158,
    "std": 0.003792958113503199,
    "min": 0.06470050523991261,
    "max": 0.07228642146691901,
    "count": 2
  },
  "neg_normal": {
    "mean": 0.057927833556176526,
    "std": 0.006020614159535959,
    "min": 0.043603580586320696,
    "max": 0.0692043023769211,
    "count": 25
  },
  "pos_normal": {
    "mean": 0.06029315033758975,
    "std": 0.005005529199832605,
    "min": 0.049437912566623034,
    "max": 0.06998416970933788,
    "count": 40
  }
}