{
  "error": {
    "mean": 0.0643711675665266,
    "std": 0.00426508378714845,
    "min": 0.05833945520631634,
    "max": 0.06740264648198681,
    "count": 3
  },
  "fix": {
    "mean": 0.02463961346313815,
    "std": 0.02463961346313815,
    "min": 0.0,
    "max": 0.0492792269262763,
    "count": 2
  },
  "neg_normal": {
    "mean": 0.05906957306540008,
    "std": 0.005690752483699115,
    "min": 0.04792999036915534,
    "max": 0.07076018513559147,
    "count": 69
  },
  "pos_normal": {
    "mean": null,
    "std": null,
    "min": null,
    "max": null,
    "count": 0
  }
}