{
  "error": {
    "mean": 27.333333333333332,
    "std": 11.14550233153366,
    "min": 18.0,
    "max": 43.0,
    "count": 3
  },
  "fix": {
    "mean": 32.0,
    "std": 9.192388155425117,
    "min": 19.0,
    "max": 44.0,
    "count": 4
  },
  "neg_normal": {
    "mean": 26.4,
    "std": 15.83161394173064,
    "min": 9.0,
    "max": 61.0,
    "count": 10
  },
  "pos_normal": {
    "mean": 24.846153846153847,
    "std": 10.260800342499559,
    "min": 9.0,
    "max": 44.0,
    "count": 26
  }
}