{
  "error": {
    "mean": 10.0,
    "std": 0.0,
    "min": 10.0,
    "max": 10.0,
    "count": 1
  },
  "fix": {
    "mean": 9.0,
    "std": 0.0,
    "min": 9.0,
    "max": 9.0,
    "count": 1
  },
  "neg_normal": {
    "mean": 6.666666666666667,
    "std": 0.4714045207910317,
    "min": 6.0,
    "max": 7.0,
    "count": 3
  },
  "pos_normal": {
    "mean": 7.0,
    "std": 1.632993161855452,
    "min": 5.0,
    "max": 9.0,
    "count": 3
  }
}