{
  "error": {
    "mean": 8.75,
    "std": 1.479019945774904,
    "min": 7.0,
    "max": 11.0,
    "count": 4
  },
  "fix": {
    "mean": 7.285714285714286,
    "std": 1.0301575072754257,
    "min": 6.0,
    "max": 9.0,
    "count": 7
  },
  "neg_normal": {
    "mean": 6.769230769230769,
    "std": 2.1178307535286467,
    "min": 3.0,
    "max": 11.0,
    "count": 13
  },
  "pos_normal": {
    "mean": 7.866666666666666,
    "std": 2.1249836600678966,
    "min": 4.0,
    "max": 11.0,
    "count": 15
  }
}