{
  "error": {
    "mean": 7.6,
    "std": 1.3564659966250536,
    "min": 5.0,
    "max": 9.0,
    "count": 5
  },
  "fix": {
    "mean": 7.333333333333333,
    "std": 0.4714045207910317,
    "min": 7.0,
    "max": 8.0,
    "count": 3
  },
  "neg_normal": {
    "mean": 7.526315789473684,
    "std": 2.2329687826943605,
    "min": 4.0,
    "max": 13.0,
    "count": 19
  },
  "pos_normal": {
    "mean": 7.7368421052631575,
    "std": 1.481183924154767,
    "min": 5.0,
    "max": 12.0,
    "count": 38
  }
}