{
  "error": {
    "mean": 9.0,
    "std": 2.160246899469287,
    "min": 7.0,
    "max": 12.0,
    "count": 3
  },
  "fix": {
    "mean": 7.75,
    "std": 1.7853571071357126,
    "min": 6.0,
    "max": 10.0,
    "count": 4
  },
  "neg_normal": {
    "mean": 7.7,
    "std": 1.268857754044952,
    "min": 5.0,
    "max": 9.0,
    "count": 10
  },
  "pos_normal": {
    "mean": 7.5,
    "std": 1.3936669947687261,
    "min": 6.0,
    "max": 11.0,
    "count": 26
  }
}