{
  "error": {
    "mean": 9.899330930302211,
    "std": 1.299266588381841,
    "min": 7.996339783933554,
    "max": 11.67277612513755,
    "count": 8
  },
  "fix": {
    "mean": 10.927245131981834,
    "std": 0.9907704761178561,
    "min": 9.35427130320636,
    "max": 12.866696849662471,
    "count": 10
  },
  "neg_normal": {
    "mean": 10.697558192342285,
    "std": 1.5345234333954356,
    "min": 7.1319390626350945,
    "max": 12.691276799720992,
    "count": 23
  },
  "pos_normal": {
    "mean": 10.68842139356076,
    "std": 0.5836303361019682,
    "min": 9.35427130320636,
    "max": 11.961962813117225,
    "count": 30
  }
}