{
  "error": {
    "mean": 10.48294696002812,
    "std": 0.7548383664396113,
    "min": 9.252506839411414,
    "max": 11.341593044544767,
    "count": 5
  },
  "fix": {
    "mean": 9.515765708714513,
    "std": 1.306508473104453,
    "min": 7.669313386370075,
    "max": 10.497360966352405,
    "count": 3
  },
  "neg_normal": {
    "mean": 10.778671909537877,
    "std": 1.7584896341798448,
    "min": 8.499174837464775,
    "max": 17.200545877384105,
    "count": 19
  },
  "pos_normal": {
    "mean": 10.13958435280718,
    "std": 1.594247695287568,
    "min": 7.605267630439683,
    "max": 15.939028329899122,
    "count": 38
  }
}