{
  "error": {
    "mean": 8.965747633757287,
    "std": 0.9400149823967298,
    "min": 7.641064551696297,
    "max": 9.72480163402408,
    "count": 3
  },
  "fix": {
    "mean": 9.373136212190275,
    "std": 0.865482542419224,
    "min": 8.118910200542448,
    "max": 10.559112855656995,
    "count": 4
  },
  "neg_normal": {
    "mean": 9.323637903736202,
    "std": 1.3344965901638293,
    "min": 6.874548999467239,
    "max": 11.65277840159412,
    "count": 10
  },
  "pos_normal": {
    "mean": 10.311443264248899,
    "std": 1.2679169112774864,
    "min": 7.5910953037356395,
    "max": 12.667739174394862,
    "count": 26
  }
}