{
  "error": {
    "mean": 9.707410409580964,
    "std": 0.6328049635607513,
    "min": 9.074605446020213,
    "max": 10.340215373141715,
    "count": 2
  },
  "fix": {
    "mean": 10.28987906116126,
    "std": 0.022601445504262685,
    "min": 10.267277615656997,
    "max": 10.312480506665523,
    "count": 2
  },
  "neg_normal": {
    "mean": 9.997718084483623,
    "std": 1.069217496573916,
    "min": 7.522993973369717,
    "max": 12.058925182601925,
    "count": 25
  },
  "pos_normal": {
    "mean": 10.292729484931158,
    "std": 1.4457421328809916,
    "min": 6.136310289750515,
    "max": 12.367573719020417,
    "count": 40
  }
}