{
  "error": {
    "mean": 10.245683481402938,
    "std": 0.9471794303546005,
    "min": 8.963349604488688,
    "max": 11.618736838528704,
    "count": 13
  },
  "fix": {
    "mean": 8.90077505712702,
    "std": 0.8805219157897514,
    "min": 6.957213484515465,
    "max": 9.818372300931763,
    "count": 12
  },
  "neg_normal": {
    "mean": 10.542201054566402,
    "std": 0.9200092424698182,
    "min": 8.338351651821256,
    "max": 12.7357967434462,
    "count": 46
  },
  "pos_normal": {
    "mean": 9.815382373976377,
    "std": 1.3530909288946118,
    "min": 7.264972900957102,
    "max": 11.721394228998937,
    "count": 28
  }
}