{
  "error": {
    "mean": 20.180404580986703,
    "std": 0.0,
    "min": 20.180404580986703,
    "max": 20.180404580986703,
    "count": 1
  },
  "fix": {
    "mean": 20.209516308670246,
    "std": 0.0,
    "min": 20.209516308670246,
    "max": 20.209516308670246,
    "count": 1
  },
  "neg_normal": {
    "mean": 13.388202023699336,
    "std": 0.8187251854807222,
    "min": 12.242125916076112,
    "max": 14.103888458721757,
    "count": 3
  },
  "pos_normal": {
    "mean": 13.93218074077491,
    "std": 0.45114706738312543,
    "min": 13.339152694363346,
    "max": 14.432505501527944,
    "count": 3
  }
}