{
  "error": {
    "mean": 14.445311264635366,
    "std": 1.6746957221057235,
    "min": 12.231355973474113,
    "max": 16.361408095193717,
    "count": 4
  },
  "fix": {
    "mean": 14.894475883388823,
    "std": 1.2821743192900146,
    "min": 13.337214200999243,
    "max": 16.96961308797126,
    "count": 7
  },
  "neg_normal": {
    "mean": 16.46244459683425,
    "std": 2.846713053869521,
    "min": 11.647972464707431,
    "max": 22.559118460381324,
    "count": 13
  },
  "pos_normal": {
    "mean": 14.832558238069446,
    "std": 2.5864303893744274,
    "min": 12.696930268831842,
    "max": 22.559118460381324,
    "count": 15
  }
}