{
  "error": {
    "mean": 13.431536334418833,
    "std": 1.3166726510897264,
    "min": 11.025908239582323,
    "max": 15.979158608412048,
    "count": 8
  },
  "fix": {
    "mean": 16.078249944365595,
    "std": 2.183137383931086,
    "min": 12.645524492537913,
    "max": 19.390043736290746,
    "count": 10
  },
  "neg_normal": {
    "mean": 16.009546149040837,
    "std": 2.374179365881521,
    "min": 12.547590223283464,
    "max": 20.58952628634728,
    "count": 23
  },
  "pos_normal": {
    "mean": 15.188521802503594,
    "std": 1.8531761194495189,
    "min": 12.645524492537913,
    "max": 19.95953741604858,
    "count": 30
  }
}