{
  "error": {
    "mean": 17.000883773965903,
    "std": 2.3675168578462458,
    "min": 13.917212282774221,
    "max": 19.395987823464463,
    "count": 4
  },
  "fix": {
    "mean": 16.41133650481395,
    "std": 2.772427689308367,
    "min": 13.194280663910433,
    "max": 19.305241030430192,
    "count": 6
  },
  "neg_normal": {
    "mean": 15.539550491793864,
    "std": 2.5433826226400282,
    "min": 12.312516213277583,
    "max": 19.928183512068898,
    "count": 33
  },
  "pos_normal": {
    "mean": 16.685807434254798,
    "std": 2.4718029525742087,
    "min": 12.691839182412615,
    "max": 20.12752164163667,
    "count": 34
  }
}