{
  "error": {
    "mean": 15.31435880921517,
    "std": 2.861069192689303,
    "min": 11.15654224158915,
    "max": 19.90485170345822,
    "count": 5
  },
  "fix": {
    "mean": 17.412353544037973,
    "std": 2.2452543785204613,
    "min": 15.185598794000342,
    "max": 20.48606846621202,
    "count": 3
  },
  "neg_normal": {
    "mean": 16.830002111726497,
    "std": 2.7357080566532925,
    "min": 11.94227683378719,
    "max": 21.092021359083397,
    "count": 19
  },
  "pos_normal": {
    "mean": 15.953145183200762,
    "std": 2.5687804121904896,
    "min": 12.933462949302074,
    "max": 21.423196581235352,
    "count": 38
  }
}