{
  "error": {
    "mean": 15.438321544890917,
    "std": 1.5655885598334514,
    "min": 14.195526560734214,
    "max": 17.64660176059388,
    "count": 3
  },
  "fix": {
    "mean": 13.531018403768316,
    "std": 0.3480580553785452,
    "min": 13.179617093029107,
    "max": 13.89310546554513,
    "count": 4
  },
  "neg_normal": {
    "mean": 14.219550001579382,
    "std": 2.825959838568724,
    "min": 11.058138913309215,
    "max": 19.176307226081065,
    "count": 10
  },
  "pos_normal": {
    "mean": 15.105348283342797,
    "std": 1.7898487310845936,
    "min": 13.179617093029107,
    "max": 18.874291699306422,
    "count": 26
  }
}