{
  "error": {
    "mean": 16.40173436969852,
    "std": 3.267655076401544,
    "min": 12.278033684112405,
    "max": 20.26987207591735,
    "count": 3
  },
  "fix": {
    "mean": 19.576341762147475,
    "std": 0.0,
    "min": 19.576341762147475,
    "max": 19.576341762147475,
    "count": 2
  },
  "neg_normal": {
    "mean": 15.338282778078588,
    "std": 1.6470813559039224,
    "min": 12.097865847107464,
    "max": 18.763440226748042,
    "count": 28
  },
  "pos_normal": {
    "mean": null,
    "std": null,
    "min": null,
    "max": null,
    "count": 0
  }
}