{
  "error": {
    "mean": 4.326629762688512,
    "std": 0.0,
    "min": 4.326629762688512,
    "max": 4.326629762688512,
    "count": 1
  },
  "fix": {
    "mean": 4.305359557542411,
    "std": 0.0,
    "min": 4.305359557542411,
    "max": 4.305359557542411,
    "count": 1
  },
  "neg_normal": {
    "mean": 3.786527568635569,
    "std": 0.08636713680229822,
    "min": 3.6644026928057123,
    "max": 3.8493391511405273,
    "count": 3
  },
  "pos_normal": {
    "mean": 3.7657776448623177,
    "std": 0.07190926990269021,
    "min": 3.6852654996474214,
    "max": 3.8598366960265196,
    "count": 3
  }
}