{
  "error": {
    "mean": 4.4903669605325245,
    "std": 0.4947490042935789,
    "min": 3.759887288617452,
    "max": 5.052332960695442,
    "count": 4
  },
  "fix": {
    "mean": 3.974703961112304,
    "std": 0.33284368320105584,
    "min": 3.6050536102487114,
    "max": 4.440354275679471,
    "count": 7
  },
  "neg_normal": {
    "mean": 3.575205858021449,
    "std": 0.9949633374686931,
    "min": 1.6142667718616859,
    "max": 4.95399766527723,
    "count": 13
  },
  "pos_normal": {
    "mean": 3.6672781501723537,
    "std": 0.7159739393528326,
    "min": 2.159467605234007,
    "max": 4.791221653007178,
    "count": 15
  }
}