{
  "error": {
    "mean": 4.227926286058614,
    "std": 0.6798904415735836,
    "min": 3.5480358444850304,
    "max": 4.907816727632198,
    "count": 2
  },
  "fix": {
    "mean": 4.178971759884742,
    "std": 0.3586957374311268,
    "min": 3.557774402247607,
    "max": 4.390792403360012,
    "count": 4
  },
  "neg_normal": {
    "mean": null,
    "std": null,
    "min": null,
    "max": null,
    "count": 0
  },
  "pos_normal": {
    "mean": 3.8063168743150646,
    "std": 0.4820409680781681,
    "min": 2.608510152755251,
    "max": 4.376527830571334,
    "count": 18
  }
}