{
  "error": {
    "mean": 4.244064973579663,
    "std": 0.3345562079158627,
    "min": 3.6180541056367077,
    "max": 4.650253387709912,
    "count": 13
  },
  "fix": {
    "mean": 4.119707719338872,
    "std": 0.22991957952823716,
    "min": 3.817298375238284,
    "max": 4.397061607121804,
    "count": 12
  },
  "neg_normal": {
    "mean": 3.76632148483919,
    "std": 0.8093571832560265,
    "min": 0.9133051797891054,
    "max": 4.711132594017601,
    "count": 46
  },
  "pos_normal": {
    "mean": 3.908982669095083,
    "std": 0.5574630739814016,
    "min": 2.7302242010082107,
    "max": 4.467180761467633,
    "count": 28
  }
}