{
  "error": {
    "mean": 2.351303193638353,
    "std": 2.0476518078376444,
    "min": 2.801811924931761e-07,
    "max": 4.990801584334779,
    "count": 3
  },
  "fix": {
    "mean": 3.961063214791267,
    "std": 0.0,
    "min": 3.961063214791267,
    "max": 3.961063214791267,
    "count": 2
  },
  "neg_normal": {
    "mean": 4.067440722678359,
    "std": 0.41136576705799394,
    "min": 3.3333002096415036,
    "max": 4.7708815287021284,
    "count": 28
  },
  "pos_normal": {
    "mean": null,
    "std": null,
    "min": null,
    "max": null,
    "count": 0
  }
}