{
  "error": {
    "mean": 21.0,
    "std": 0.0,
    "min": 21.0,
    "max": 21.0,
    "count": 1
  },
  "fix": {
    "mean": 20.0,
    "std": 0.0,
    "min": 20.0,
    "max": 20.0,
    "count": 1
  },
  "neg_normal": {
    "mean": 13.0,
    "std": 0.816496580927726,
    "min": 12.0,
    "max": 14.0,
    "count": 3
  },
  "pos_normal": {
    "mean": 12.666666666666666,
    "std": 1.247219128924647,
    "min": 11.0,
    "max": 14.0,
    "count": 3
  }
}