{
  "error": {
    "mean": 23.5,
    "std": 7.632168761236874,
    "min": 13.0,
    "max": 33.0,
    "count": 4
  },
  "fix": {
    "mean": 15.142857142857142,
    "std": 3.7579846965616874,
    "min": 11.0,
    "max": 20.0,
    "count": 7
  },
  "neg_normal": {
    "mean": 14.384615384615385,
    "std": 8.185714211952632,
    "min": 3.0,
    "max": 30.0,
    "count": 13
  },
  "pos_normal": {
    "mean": 13.866666666666667,
    "std": 6.701906859659835,
    "min": 5.0,
    "max": 28.0,
    "count": 15
  }
}