{
  "error": {
    "mean": 18.5,
    "std": 2.5,
    "min": 16.0,
    "max": 21.0,
    "count": 2
  },
  "fix": {
    "mean": 13.0,
    "std": 0.0,
    "min": 13.0,
    "max": 13.0,
    "count": 2
  },
  "neg_normal": {
    "mean": 16.44,
    "std": 5.052365782482499,
    "min": 9.0,
    "max": 29.0,
    "count": 25
  },
  "pos_normal": {
    "mean": 15.925,
    "std": 4.8805097069875805,
    "min": 10.0,
    "max": 28.0,
    "count": 40
  }
}