{
  "error": {
    "mean": 18.53846153846154,
    "std": 4.396071403762939,
    "min": 12.0,
    "max": 25.0,
    "count": 13
  },
  "fix": {
    "mean": 16.666666666666668,
    "std": 2.8674417556808756,
    "min": 13.0,
    "max": 20.0,
    "count": 12
  },
  "neg_normal": {
    "mean": 14.934782608695652,
    "std": 5.32998969700058,
    "min": 2.0,
    "max": 26.0,
    "count": 46
  },
  "pos_normal": {
    "mean": 15.642857142857142,
    "std": 4.638459455729778,
    "min": 7.0,
    "max": 23.0,
    "count": 28
  }
}