{
  "error": {
    "mean": 0.24227253401360543,
    "std": 0.09298032141966651,
    "min": 0.16666666666666666,
    "max": 0.4,
    "count": 4
  },
  "fix": {
    "mean": 0.3468300000756699,
    "std": 0.11219214041828494,
    "min": 0.20689655172413793,
    "max": 0.5,
    "count": 7
  },
  "neg_normal": {
    "mean": 0.3943473028066495,
    "std": 0.15798318827364655,
    "min": 0.17073170731707318,
    "max": 0.6666666666666666,
    "count": 13
  },
  "pos_normal": {
    "mean": 0.43668133597459957,
    "std": 0.1262555498469463,
    "min": 0.22916666666666666,
    "max": 0.6666666666666666,
    "count": 15
  }
}