{
  "error": {
    "mean": 0.34486167821360514,
    "std": 0.09027023127153325,
    "min": 0.23529411764705882,
    "max": 0.5454545454545454,
    "count": 8
  },
  "fix": {
    "mean": 0.3943861613280851,
    "std": 0.15154898814671325,
    "min": 0.23809523809523808,
    "max": 0.8,
    "count": 10
  },
  "neg_normal": {
    "mean": 0.3306416137525641,
    "std": 0.12739848446040605,
    "min": 0.16071428571428573,
    "max": 0.6,
    "count": 23
  },
  "pos_normal": {
    "mean": 0.3742925422199392,
    "std": 0.12677158297102148,
    "min": 0.13725490196078433,
    "max": 0.8,
    "count": 30
  }
}