{
  "error": {
    "mean": 0.3975877192982456,
    "std": 0.17402901380353036,
    "min": 0.14035087719298245,
    "max": 0.625,
    "count": 4
  },
  "fix": {
    "mean": 0.30446832579185523,
    "std": 0.09529591365002107,
    "min": 0.2,
    "max": 0.5,
    "count": 6
  },
  "neg_normal": {
    "mean": 0.35120510243431924,
    "std": 0.1484184148957723,
    "min": 0.19230769230769232,
    "max": 0.8,
    "count": 33
  },
  "pos_normal": {
    "mean": 0.31071981931358406,
    "std": 0.11854299129264377,
    "min": 0.14285714285714285,
    "max": 0.6,
    "count": 34
  }
}