{
  "error": {
    "mean": 0.29454737371056733,
    "std": 0.08958516766493453,
    "min": 0.17647058823529413,
    "max": 0.5,
    "count": 13
  },
  "fix": {
    "mean": 0.33991021091132323,
    "std": 0.06329378327331546,
    "min": 0.22580645161290322,
    "max": 0.4230769230769231,
    "count": 12
  },
  "neg_normal": {
    "mean": 0.3927973461386982,
    "std": 0.16751140450732607,
    "min": 0.16666666666666666,
    "max": 1.0,
    "count": 46
  },
  "pos_normal": {
    "mean": 0.35111206005063583,
    "std": 0.1429724770137777,
    "min": 0.18421052631578946,
    "max": 0.6,
    "count": 28
  }
}