{
  "error": {
    "mean": 0.6717171717171717,
    "std": 0.3530299417636625,
    "min": 0.18181818181818182,
    "max": 1.0,
    "count": 3
  },
  "fix": {
    "mean": 0.2916666666666667,
    "std": 0.0,
    "min": 0.2916666666666667,
    "max": 0.2916666666666667,
    "count": 2
  },
  "neg_normal": {
    "mean": 0.29958355422336985,
    "std": 0.08085554369514882,
    "min": 0.1590909090909091,
    "max": 0.4666666666666667,
    "count": 28
  },
  "pos_normal": {
    "mean": null,
    "std": null,
    "min": null,
    "max": null,
    "count": 0
  }
}