{
  "error": {
    "mean": 0.47082122294615025,
    "std": 0.009218753818296833,
    "min": 0.4551048698056366,
    "max": 0.47799927153917354,
    "count": 4
  },
  "fix": {
    "mean": 0.4761685474957738,
    "std": 0.013513046627076515,
    "min": 0.46140347697943673,
    "max": 0.4962848560922407,
    "count": 7
  },
  "neg_normal": {
    "mean": 0.46339686287812437,
    "std": 0.03543088705142754,
    "min": 0.3563755261213686,
    "max": 0.4921286517221316,
    "count": 13
  },
  "pos_normal": {
    "mean": 0.4731484252799543,
    "std": 0.010904503883874766,
    "min": 0.44634469791970055,
    "max": 0.48453739189504685,
    "count": 15
  }
}