{
  "error": {
    "mean": 0.4737282657841171,
    "std": 0.012901104953046099,
    "min": 0.46024661865335126,
    "max": 0.4961612994922059,
    "count": 8
  },
  "fix": {
    "mean": 0.4708181185784424,
    "std": 0.016963053684287625,
    "min": 0.44001780347643693,
    "max": 0.49796137520548756,
    "count": 10
  },
  "neg_normal": {
    "mean": 0.47332583897720976,
    "std": 0.016340211784761857,
    "min": 0.44007924877213156,
    "max": 0.4991344960732591,
    "count": 23
  },
  "pos_normal": {
    "mean": 0.47182472968993944,
    "std": 0.015333721080789908,
    "min": 0.4400178034764355,
    "max": 0.4979613752054918,
    "count": 30
  }
}