{
  "error": {
    "mean": 0.48198518860168993,
    "std": 0.003057301602545137,
    "min": 0.4789278869991448,
    "max": 0.48504249020423507,
    "count": 2
  },
  "fix": {
    "mean": 0.4710903158661922,
    "std": 0.010397161854942038,
    "min": 0.4628404477050685,
    "max": 0.48893236254122774,
    "count": 4
  },
  "neg_normal": {
    "mean": null,
    "std": null,
    "min": null,
    "max": null,
    "count": 0
  },
  "pos_normal": {
    "mean": 0.47499418860659254,
    "std": 0.017605041857117774,
    "min": 0.43599011759639206,
    "max": 0.49390531827985773,
    "count": 18
  }
}