{
  "error": {
    "mean": 0.486494027177417,
    "std": 0.0015307924049720557,
    "min": 0.4843296310221139,
    "max": 0.48761534101738957,
    "count": 3
  },
  "fix": {
    "mean": 0.2202600306302102,
    "std": 0.2202600306302102,
    "min": 0.0,
    "max": 0.4405200612604204,
    "count": 2
  },
  "neg_normal": {
    "mean": 0.46060297725019084,
    "std": 0.036226963042189586,
    "min": 0.30866349900553014,
    "max": 0.4982109945672032,
    "count": 69
  },
  "pos_normal": {
    "mean": null,
    "std": null,
    "min": null,
    "max": null,
    "count": 0
  }
}