{
  "datasets_compared": 3,
  "analysis_type": "kmeans_cluster_count_and_cohesion_with_log_optimal_inertia",
  "comparison_results": {
    "bb": {
      "display_name": "BB Lies",
      "positive_negative_comparison": {
        "clusters": {
          "positive_mean_clusters": 2.0,
          "negative_mean_clusters": 2.3333333333333335,
          "cluster_count_difference": -0.3333333333333335,
          "positive_cluster_distribution": {
            "2": 3
          },
          "negative_cluster_distribution": {
            "2": 2,
            "3": 1
          }
        },
        "cohesion": {
          "positive_mean_cohesion": 0.0003005177481793005,
          "negative_mean_cohesion": 0.0003060287938285894,
          "cohesion_difference": -5.5110456492889095e-06,
          "effect_size": -1.2686787473480858
        },
        "log_cohesion": {
          "positive_mean_log_cohesion": -8.110018455645767,
          "negative_mean_log_cohesion": -8.092017846781792,
          "log_cohesion_difference": -0.01800060886397503,
          "log_effect_size": -1.2703328573755905
        }
      },
      "all_samples_analysis": {
        "basic_stats": {
          "total_samples_analyzed": 45,
          "mean_tokens_per_sample": 98.26666666666667,
          "mean_samples_per_question": 3.0
        },
        "clusters": {
          "mean_clusters": 2.9555555555555557,
          "cluster_distribution": {
            "2": 25,
            "3": 7,
            "4": 3,
            "5": 10
          },
          "cluster_stats": {
            "min": 2,
            "max": 5,
            "std": 1.2284688854298003
          }
        },
        "cohesion": {
          "mean_cohesion": 0.00031883513550966177,
          "cohesion_stats": {
            "min": 0.0002984296168122652,
            "max": 0.0003744745143375027,
            "std": 2.3875140927384435e-05
          }
        },
        "log_cohesion": {
          "mean_log_cohesion": -8.053533579033687,
          "log_cohesion_stats": {
            "min": -8.116976442508001,
            "max": -7.8899868098260075,
            "std": 0.07273636991343284
          }
        }
      }
    },
    "bbh": {
      "display_name": "BBH Lies",
      "positive_negative_comparison": {
        "clusters": {
          "positive_mean_clusters": 3.5,
          "negative_mean_clusters": 3.25,
          "cluster_count_difference": 0.25,
          "positive_cluster_distribution": {
            "2": 2,
            "5": 2
          },
          "negative_cluster_distribution": {
            "2": 2,
            "4": 1,
            "5": 1
          }
        },
        "cohesion": {
          "positive_mean_cohesion": 0.00031337926944301805,
          "negative_mean_cohesion": 0.0003130776300948854,
          "cohesion_difference": 3.016393481326731e-07,
          "effect_size": 0.015856222104426793
        },
        "log_cohesion": {
          "positive_mean_log_cohesion": -8.069902307597694,
          "negative_mean_log_cohesion": -8.07093730000322,
          "log_cohesion_difference": 0.0010349924055255144,
          "log_effect_size": 0.017060046543165865
        }
      },
      "all_samples_analysis": {
        "basic_stats": {
          "total_samples_analyzed": 45,
          "mean_tokens_per_sample": 337.93333333333334,
          "mean_samples_per_question": 3.0
        },
        "clusters": {
          "mean_clusters": 2.8666666666666667,
          "cluster_distribution": {
            "2": 29,
            "3": 3,
            "4": 3,
            "5": 10
          },
          "cluster_stats": {
            "min": 2,
            "max": 5,
            "std": 1.2578641509408808
          }
        },
        "cohesion": {
          "mean_cohesion": 0.0003083192329385001,
          "cohesion_stats": {
            "min": 0.0002918231714252863,
            "max": 0.0003588111743934692,
            "std": 1.9017920265681893e-05
          }
        },
        "log_cohesion": {
          "mean_log_cohesion": -8.08620060696371,
          "log_cohesion_stats": {
            "min": -8.139362516442656,
            "max": -7.932714284470084,
            "std": 0.05981041186468256
          }
        }
      }
    },
    "bbeh": {
      "display_name": "BBEH Lies",
      "positive_negative_comparison": {
        "clusters": {
          "positive_mean_clusters": 5.0,
          "negative_mean_clusters": 5.0,
          "cluster_count_difference": 0.0,
          "positive_cluster_distribution": {
            "5": 1
          },
          "negative_cluster_distribution": {
            "5": 1
          }
        },
        "cohesion": {
          "positive_mean_cohesion": 0.00033556572277781136,
          "negative_mean_cohesion": 0.000360383558900264,
          "cohesion_difference": -2.4817836122452636e-05,
          "effect_size": 0.0
        },
        "log_cohesion": {
          "positive_mean_log_cohesion": -7.99969272572163,
          "negative_mean_log_cohesion": -7.928341652304344,
          "log_cohesion_difference": -0.07135107341728553,
          "log_effect_size": 0.0
        }
      },
      "all_samples_analysis": {
        "basic_stats": {
          "total_samples_analyzed": 45,
          "mean_tokens_per_sample": 480.68888888888887,
          "mean_samples_per_question": 3.0
        },
        "clusters": {
          "mean_clusters": 3.8666666666666667,
          "cluster_distribution": {
            "2": 14,
            "3": 3,
            "4": 3,
            "5": 25
          },
          "cluster_stats": {
            "min": 2,
            "max": 5,
            "std": 1.3597385369580761
          }
        },
        "cohesion": {
          "mean_cohesion": 0.00032489796434078327,
          "cohesion_stats": {
            "min": 0.0002924813373779235,
            "max": 0.00036725026375907476,
            "std": 2.161724526261452e-05
          }
        },
        "log_cohesion": {
          "mean_log_cohesion": -8.034217426144876,
          "log_cohesion_stats": {
            "min": -8.137109697164073,
            "max": -7.909467024710206,
            "std": 0.06664479237919346
          }
        }
      }
    }
  }
}