{
  "error": {
    "mean": 5.761274012172921,
    "std": 0.6265751760154413,
    "min": 5.252510445690588,
    "max": 6.82659874627141,
    "count": 4
  },
  "fix": {
    "mean": 5.790471493215729,
    "std": 0.3659417515231768,
    "min": 5.262373348997659,
    "max": 6.363875725581106,
    "count": 6
  },
  "neg_normal": {
    "mean": 5.601419620803926,
    "std": 0.8451553465656917,
    "min": 2.4712750206858627,
    "max": 6.34699340139285,
    "count": 33
  },
  "pos_normal": {
    "mean": 5.925353655657595,
    "std": 0.5029223838284977,
    "min": 5.229938535394508,
    "max": 6.732969994035956,
    "count": 34
  }
}