{
  "error": {
    "mean": 6.045704379755794,
    "std": 0.37418164299849027,
    "min": 5.685892636075675,
    "max": 6.561645197349979,
    "count": 3
  },
  "fix": {
    "mean": 6.241806066522424,
    "std": 0.3339331691339512,
    "min": 5.77267231722728,
    "max": 6.694565853089838,
    "count": 4
  },
  "neg_normal": {
    "mean": 5.8887504093420535,
    "std": 0.6487521904757864,
    "min": 4.5398654898999045,
    "max": 7.057762037263029,
    "count": 10
  },
  "pos_normal": {
    "mean": 5.903400973868253,
    "std": 0.544704908607334,
    "min": 4.5398654898999045,
    "max": 6.770316451296715,
    "count": 26
  }
}