{
  "error": {
    "mean": 6.212242770557037,
    "std": 0.6364429632292039,
    "min": 5.342069126702579,
    "max": 6.8465476647612205,
    "count": 3
  },
  "fix": {
    "mean": 2.253827260892554,
    "std": 1.7538269803033055,
    "min": 0.5000002805892484,
    "max": 4.007654241195859,
    "count": 2
  },
  "neg_normal": {
    "mean": 5.7949838139461125,
    "std": 0.548459822279142,
    "min": 2.8070827264535554,
    "max": 7.024399451680719,
    "count": 69
  },
  "pos_normal": {
    "mean": null,
    "std": null,
    "min": null,
    "max": null,
    "count": 0
  }
}