{
  "error": {
    "mean": 0.3595304745041912,
    "std": 0.0,
    "min": 0.3595304745041912,
    "max": 0.3595304745041912,
    "count": 1
  },
  "fix": {
    "mean": 0.3576707999520063,
    "std": 0.0,
    "min": 0.3576707999520063,
    "max": 0.3576707999520063,
    "count": 1
  },
  "neg_normal": {
    "mean": 0.39763019499032776,
    "std": 0.022289844291939108,
    "min": 0.37412347931304885,
    "max": 0.4275723261902748,
    "count": 3
  },
  "pos_normal": {
    "mean": 0.4046113758504702,
    "std": 0.014088022651370121,
    "min": 0.38548134379446247,
    "max": 0.418997177964826,
    "count": 3
  }
}