{
  "error": {
    "mean": 0.3411123523966617,
    "std": 0.06460936119427894,
    "min": 0.27599012880979884,
    "max": 0.44057169198133117,
    "count": 4
  },
  "fix": {
    "mean": 0.37971566370004645,
    "std": 0.052234327701366476,
    "min": 0.3025385110531432,
    "max": 0.43403921090639463,
    "count": 7
  },
  "neg_normal": {
    "mean": 0.4878248166061559,
    "std": 0.19177149482381203,
    "min": 0.25445735677248404,
    "max": 0.9245378126693872,
    "count": 13
  },
  "pos_normal": {
    "mean": 0.4511845914309578,
    "std": 0.1293615445734455,
    "min": 0.30577726395018223,
    "max": 0.756734164580684,
    "count": 15
  }
}