{
  "error": {
    "mean": 0.39472530016601115,
    "std": 0.049032385121776156,
    "min": 0.34006023497724086,
    "max": 0.4976319458451577,
    "count": 8
  },
  "fix": {
    "mean": 0.4606013659349288,
    "std": 0.16396027958321607,
    "min": 0.3397231159448423,
    "max": 0.9436271048799831,
    "count": 10
  },
  "neg_normal": {
    "mean": 0.4030062457933781,
    "std": 0.11094290714547125,
    "min": 0.2030193907534614,
    "max": 0.6441199619329019,
    "count": 23
  },
  "pos_normal": {
    "mean": 0.41055798654250475,
    "std": 0.11629792816567192,
    "min": 0.3004242808427678,
    "max": 0.9436271048799831,
    "count": 30
  }
}