{
  "error": {
    "mean": 0.45668199526306996,
    "std": 0.11388305002167742,
    "min": 0.3745717657713147,
    "max": 0.6823320423208962,
    "count": 5
  },
  "fix": {
    "mean": 0.34391822500141106,
    "std": 0.017687506212017208,
    "min": 0.325463894568888,
    "max": 0.3677690040055043,
    "count": 3
  },
  "neg_normal": {
    "mean": 0.42558100347558553,
    "std": 0.16571584150865748,
    "min": 0.2884527156585359,
    "max": 1.0,
    "count": 19
  },
  "pos_normal": {
    "mean": 0.41749738102544126,
    "std": 0.09578675937369284,
    "min": 0.2861363824912456,
    "max": 0.7563371765943635,
    "count": 38
  }
}