{
  "error": {
    "mean": 24.865064034386116,
    "std": 0.3886335301799395,
    "min": 24.476430504206178,
    "max": 25.253697564566057,
    "count": 2
  },
  "fix": {
    "mean": 18.926353006469228,
    "std": 3.6818876436557644,
    "min": 15.584540093851455,
    "max": 25.161156570659397,
    "count": 4
  },
  "neg_normal": {
    "mean": null,
    "std": null,
    "min": null,
    "max": null,
    "count": 0
  },
  "pos_normal": {
    "mean": 18.14768314518246,
    "std": 1.9134957726602666,
    "min": 15.584540093851455,
    "max": 25.161156570659397,
    "count": 18
  }
}