{
  "error": {
    "mean": 18.76905448422921,
    "std": 3.810419208858887,
    "min": 13.165318191962617,
    "max": 25.066774791186177,
    "count": 5
  },
  "fix": {
    "mean": 21.42565940915397,
    "std": 2.1381251799228287,
    "min": 18.649635902223924,
    "max": 23.851765110322617,
    "count": 3
  },
  "neg_normal": {
    "mean": 21.06455958310894,
    "std": 2.5233940436653657,
    "min": 14.814074432527029,
    "max": 24.954357586770175,
    "count": 19
  },
  "pos_normal": {
    "mean": 20.28149018117577,
    "std": 2.393647972960087,
    "min": 17.209497321783054,
    "max": 24.8689451470922,
    "count": 38
  }
}