{
  "error": {
    "mean": 0.08456681262893648,
    "std": 0.0,
    "min": 0.08456681262893648,
    "max": 0.08456681262893648,
    "count": 1
  },
  "fix": {
    "mean": 0.09300654672270323,
    "std": 0.0,
    "min": 0.09300654672270323,
    "max": 0.09300654672270323,
    "count": 1
  },
  "neg_normal": {
    "mean": 0.06340465587983463,
    "std": 0.009023678045559706,
    "min": 0.05169921571781269,
    "max": 0.0736593245253869,
    "count": 3
  },
  "pos_normal": {
    "mean": 0.07593143245604193,
    "std": 0.019434279847833327,
    "min": 0.05052263429286398,
    "max": 0.0977095067430267,
    "count": 3
  }
}