{
  "error": {
    "mean": 0.07686812799101081,
    "std": 0.006051739900553778,
    "min": 0.07081638809045702,
    "max": 0.08291986789156458,
    "count": 2
  },
  "fix": {
    "mean": 0.08680284886751569,
    "std": 0.021966167878574458,
    "min": 0.05441232913763836,
    "max": 0.10700880758658265,
    "count": 4
  },
  "neg_normal": {
    "mean": null,
    "std": null,
    "min": null,
    "max": null,
    "count": 0
  },
  "pos_normal": {
    "mean": 0.0736040288826155,
    "std": 0.01554145534167654,
    "min": 0.05342247105520576,
    "max": 0.10150481752185182,
    "count": 18
  }
}