{
  "error": {
    "mean": 0.09152525963340466,
    "std": 0.0167992784445418,
    "min": 0.07994902638187493,
    "max": 0.12054657568456666,
    "count": 4
  },
  "fix": {
    "mean": 0.08701138532377907,
    "std": 0.018431774346276564,
    "min": 0.06653732031470529,
    "max": 0.1209068289354028,
    "count": 6
  },
  "neg_normal": {
    "mean": 0.08471065692107542,
    "std": 0.023949143136478213,
    "min": 0.0350601659512958,
    "max": 0.1365617003086041,
    "count": 33
  },
  "pos_normal": {
    "mean": 0.080626707310481,
    "std": 0.015511060991943213,
    "min": 0.04848594525156943,
    "max": 0.12090682893540276,
    "count": 34
  }
}