{
  "error": {
    "mean": 0.057770056296064284,
    "std": 0.01685876854315085,
    "min": 0.04163708546243424,
    "max": 0.07990408464894688,
    "count": 5
  },
  "fix": {
    "mean": 0.08923783883432494,
    "std": 0.02102614992148629,
    "min": 0.06380583979698977,
    "max": 0.11529769609747421,
    "count": 3
  },
  "neg_normal": {
    "mean": 0.06695248632740447,
    "std": 0.02055215378645283,
    "min": 0.026118374558085692,
    "max": 0.10788413903845787,
    "count": 19
  },
  "pos_normal": {
    "mean": 0.0807882265414603,
    "std": 0.020161099130595963,
    "min": 0.03521031339170253,
    "max": 0.125641098222152,
    "count": 38
  }
}