{
  "error": {
    "mean": 0.09960328299500525,
    "std": 0.021420250822611845,
    "min": 0.07676136558262048,
    "max": 0.1282557774612438,
    "count": 3
  },
  "fix": {
    "mean": 0.09078263749810686,
    "std": 0.01764958321468219,
    "min": 0.07402832420933633,
    "max": 0.11898487461952947,
    "count": 4
  },
  "neg_normal": {
    "mean": 0.0848353830152225,
    "std": 0.017553290396822425,
    "min": 0.06572205831721761,
    "max": 0.1236751000146889,
    "count": 10
  },
  "pos_normal": {
    "mean": 0.08828433416911828,
    "std": 0.01933783882198524,
    "min": 0.048495010533637806,
    "max": 0.11945042810302153,
    "count": 26
  }
}