{
  "error": {
    "mean": 0.08185172075397179,
    "std": 0.013781561647808117,
    "min": 0.06457378020432573,
    "max": 0.09830105209283506,
    "count": 3
  },
  "fix": {
    "mean": 0.028839531474679964,
    "std": 0.028839531474679964,
    "min": 0.0,
    "max": 0.05767906294935993,
    "count": 2
  },
  "neg_normal": {
    "mean": 0.09895354854703685,
    "std": 0.027586536488720552,
    "min": 0.02870382530449952,
    "max": 0.1487837156792908,
    "count": 69
  },
  "pos_normal": {
    "mean": null,
    "std": null,
    "min": null,
    "max": null,
    "count": 0
  }
}