{
  "error": {
    "mean": 0.04781774125256475,
    "std": 0.03466714510781117,
    "min": 0.0,
    "max": 0.08109753184521809,
    "count": 3
  },
  "fix": {
    "mean": 0.05256020013552239,
    "std": 1.3877787807814457e-17,
    "min": 0.05256020013552238,
    "max": 0.05256020013552241,
    "count": 2
  },
  "neg_normal": {
    "mean": 0.07756353626234222,
    "std": 0.027233198755066544,
    "min": 0.04590466549382457,
    "max": 0.15282880486142958,
    "count": 28
  },
  "pos_normal": {
    "mean": null,
    "std": null,
    "min": null,
    "max": null,
    "count": 0
  }
}