{
  "error": {
    "mean": 2.0,
    "std": 0.0,
    "min": 2.0,
    "max": 2.0,
    "count": 1
  },
  "fix": {
    "mean": 2.0,
    "std": 0.0,
    "min": 2.0,
    "max": 2.0,
    "count": 1
  },
  "neg_normal": {
    "mean": 3.6666666666666665,
    "std": 1.247219128924647,
    "min": 2.0,
    "max": 5.0,
    "count": 3
  },
  "pos_normal": {
    "mean": 3.6666666666666665,
    "std": 1.247219128924647,
    "min": 2.0,
    "max": 5.0,
    "count": 3
  }
}