{
  "error": {
    "mean": 3.25,
    "std": 1.0897247358851685,
    "min": 2.0,
    "max": 5.0,
    "count": 8
  },
  "fix": {
    "mean": 2.9,
    "std": 1.2206555615733703,
    "min": 2.0,
    "max": 5.0,
    "count": 10
  },
  "neg_normal": {
    "mean": 2.869565217391304,
    "std": 1.1907012119677525,
    "min": 2.0,
    "max": 5.0,
    "count": 23
  },
  "pos_normal": {
    "mean": 3.0,
    "std": 1.2382783747337807,
    "min": 2.0,
    "max": 5.0,
    "count": 30
  }
}