{
  "error": {
    "mean": 2.8,
    "std": 0.9797958971132712,
    "min": 2.0,
    "max": 4.0,
    "count": 5
  },
  "fix": {
    "mean": 3.0,
    "std": 1.4142135623730951,
    "min": 2.0,
    "max": 5.0,
    "count": 3
  },
  "neg_normal": {
    "mean": 2.5789473684210527,
    "std": 1.1385951396202072,
    "min": 2.0,
    "max": 5.0,
    "count": 19
  },
  "pos_normal": {
    "mean": 2.6315789473684212,
    "std": 1.0367218738732742,
    "min": 2.0,
    "max": 5.0,
    "count": 38
  }
}