{
  "error": {
    "mean": 3.5384615384615383,
    "std": 1.2779421327566267,
    "min": 2.0,
    "max": 5.0,
    "count": 13
  },
  "fix": {
    "mean": 2.5,
    "std": 1.118033988749895,
    "min": 2.0,
    "max": 5.0,
    "count": 12
  },
  "neg_normal": {
    "mean": 3.0434782608695654,
    "std": 1.2328214677180718,
    "min": 2.0,
    "max": 5.0,
    "count": 46
  },
  "pos_normal": {
    "mean": 2.5,
    "std": 0.9819805060619657,
    "min": 2.0,
    "max": 5.0,
    "count": 28
  }
}