{
  "error": {
    "mean": 16.25,
    "std": 4.602988159880492,
    "min": 10.0,
    "max": 22.0,
    "count": 4
  },
  "fix": {
    "mean": 11.714285714285714,
    "std": 2.3733211036908783,
    "min": 9.0,
    "max": 15.0,
    "count": 7
  },
  "neg_normal": {
    "mean": 10.692307692307692,
    "std": 5.716166216356706,
    "min": 3.0,
    "max": 22.0,
    "count": 13
  },
  "pos_normal": {
    "mean": 10.466666666666667,
    "std": 4.6599952312803445,
    "min": 4.0,
    "max": 20.0,
    "count": 15
  }
}