{
  "error": {
    "mean": 11.75,
    "std": 5.402545696243577,
    "min": 8.0,
    "max": 21.0,
    "count": 4
  },
  "fix": {
    "mean": 11.5,
    "std": 2.6299556396765835,
    "min": 8.0,
    "max": 16.0,
    "count": 6
  },
  "neg_normal": {
    "mean": 10.93939393939394,
    "std": 3.2468109662979088,
    "min": 3.0,
    "max": 16.0,
    "count": 33
  },
  "pos_normal": {
    "mean": 12.735294117647058,
    "std": 4.14664161439118,
    "min": 7.0,
    "max": 20.0,
    "count": 34
  }
}