{
  "error": {
    "mean": 9.6,
    "std": 3.2619012860600183,
    "min": 4.0,
    "max": 14.0,
    "count": 5
  },
  "fix": {
    "mean": 14.666666666666666,
    "std": 0.4714045207910317,
    "min": 14.0,
    "max": 15.0,
    "count": 3
  },
  "neg_normal": {
    "mean": 13.473684210526315,
    "std": 4.935035018834123,
    "min": 3.0,
    "max": 23.0,
    "count": 19
  },
  "pos_normal": {
    "mean": 11.605263157894736,
    "std": 3.520911019101751,
    "min": 4.0,
    "max": 21.0,
    "count": 38
  }
}