{
  "error": {
    "mean": 13.333333333333334,
    "std": 4.027681991198191,
    "min": 10.0,
    "max": 19.0,
    "count": 3
  },
  "fix": {
    "mean": 15.75,
    "std": 3.6996621467371855,
    "min": 11.0,
    "max": 21.0,
    "count": 4
  },
  "neg_normal": {
    "mean": 12.9,
    "std": 5.281098370604357,
    "min": 5.0,
    "max": 24.0,
    "count": 10
  },
  "pos_normal": {
    "mean": 12.807692307692308,
    "std": 4.332517750589327,
    "min": 5.0,
    "max": 21.0,
    "count": 26
  }
}