{
  "error": {
    "mean": 14.0,
    "std": 1.0,
    "min": 13.0,
    "max": 15.0,
    "count": 2
  },
  "fix": {
    "mean": 10.0,
    "std": 0.0,
    "min": 10.0,
    "max": 10.0,
    "count": 2
  },
  "neg_normal": {
    "mean": 12.24,
    "std": 3.5131752020074383,
    "min": 7.0,
    "max": 21.0,
    "count": 25
  },
  "pos_normal": {
    "mean": 11.8,
    "std": 3.3555923471125038,
    "min": 7.0,
    "max": 20.0,
    "count": 40
  }
}