{
  "error": {
    "mean": 13.615384615384615,
    "std": 3.101822331331685,
    "min": 9.0,
    "max": 18.0,
    "count": 13
  },
  "fix": {
    "mean": 12.583333333333334,
    "std": 2.0598678490513795,
    "min": 10.0,
    "max": 15.0,
    "count": 12
  },
  "neg_normal": {
    "mean": 11.217391304347826,
    "std": 3.798815853704831,
    "min": 2.0,
    "max": 19.0,
    "count": 46
  },
  "pos_normal": {
    "mean": 11.464285714285714,
    "std": 3.3432463143428945,
    "min": 5.0,
    "max": 16.0,
    "count": 28
  }
}