{
  "error": {
    "mean": 5.469645705040144,
    "std": 0.07576867559445244,
    "min": 5.393877029445692,
    "max": 5.545414380634597,
    "count": 2
  },
  "fix": {
    "mean": 7.961206111595547,
    "std": 0.06714139059049717,
    "min": 7.89406472100505,
    "max": 8.028347502186044,
    "count": 2
  },
  "neg_normal": {
    "mean": 6.26758637523614,
    "std": 1.6955910313221556,
    "min": 3.3641052053998743,
    "max": 9.933450213299247,
    "count": 25
  },
  "pos_normal": {
    "mean": 6.840231671012847,
    "std": 2.134660210586411,
    "min": 1.3284351264431227,
    "max": 10.326656039759154,
    "count": 40
  }
}