{
  "error": {
    "mean": 20.18566108729552,
    "std": 0.17266136537591414,
    "min": 20.01299972191961,
    "max": 20.358322452671437,
    "count": 2
  },
  "fix": {
    "mean": 13.872412110755867,
    "std": 3.6024275970471953,
    "min": 10.763867125108382,
    "max": 20.009304123874426,
    "count": 4
  },
  "neg_normal": {
    "mean": null,
    "std": null,
    "min": null,
    "max": null,
    "count": 0
  },
  "pos_normal": {
    "mean": 12.35030736795533,
    "std": 2.019560558840637,
    "min": 10.03454330981092,
    "max": 20.009304123874426,
    "count": 18
  }
}