{
  "error": {
    "mean": 15.04717240693769,
    "std": 2.721814686035456,
    "min": 12.994274876190142,
    "max": 18.893483150115593,
    "count": 3
  },
  "fix": {
    "mean": 12.451799905575822,
    "std": 0.6696196644245009,
    "min": 11.96102159371439,
    "max": 13.592850083275394,
    "count": 4
  },
  "neg_normal": {
    "mean": 13.561997627253565,
    "std": 3.141092284479017,
    "min": 10.399807962505752,
    "max": 20.357484564839147,
    "count": 10
  },
  "pos_normal": {
    "mean": 14.060337090073277,
    "std": 2.1917981284788994,
    "min": 11.165197437105146,
    "max": 19.43577737419244,
    "count": 26
  }
}