{
  "error": {
    "mean": 15.0,
    "std": 0.0,
    "min": 15.0,
    "max": 15.0,
    "count": 1
  },
  "fix": {
    "mean": 14.0,
    "std": 0.0,
    "min": 14.0,
    "max": 14.0,
    "count": 1
  },
  "neg_normal": {
    "mean": 10.0,
    "std": 0.816496580927726,
    "min": 9.0,
    "max": 11.0,
    "count": 3
  },
  "pos_normal": {
    "mean": 10.0,
    "std": 0.816496580927726,
    "min": 9.0,
    "max": 11.0,
    "count": 3
  }
}