{
  "error": {
    "mean": 11.75,
    "std": 2.384848003542364,
    "min": 7.0,
    "max": 14.0,
    "count": 8
  },
  "fix": {
    "mean": 9.6,
    "std": 2.6532998322843198,
    "min": 3.0,
    "max": 14.0,
    "count": 10
  },
  "neg_normal": {
    "mean": 12.434782608695652,
    "std": 5.148457658084491,
    "min": 5.0,
    "max": 29.0,
    "count": 23
  },
  "pos_normal": {
    "mean": 10.766666666666667,
    "std": 3.451408730101699,
    "min": 3.0,
    "max": 21.0,
    "count": 30
  }
}