{
  "metadata": {
    "analysis_type": "mistral_cluster_cohesion_comparison",
    "datasets": [
      "BB Lies",
      "BBH Lies",
      "BBEH Lies"
    ],
    "timestamp": "2025-08-13T13:49:18"
  },
  "raw_data": {
    "bb": {
      "positive": [
        0.00029808956119974555,
        0.00030091752186307775,
        0.0003029698800409568,
        0.0003091505752495176,
        0.0002937612043760889,
        0.00031857907885343684,
        0.000308653771610436
      ],
      "negative": [
        0.000299086904634206,
        0.00029683818226628313,
        0.00029811926020009694,
        0.0003073261934267303,
        0.0002991028053729918,
        0.0003038279273399811,
        0.0002997110702030168
      ],
      "differences": [
        -9.973434344604263e-07,
        4.079339596794627e-06,
        4.850619840859882e-06,
        1.824381822787297e-06,
        -5.3416009969029215e-06,
        1.475115151345572e-05,
        8.94270140741919e-06
      ],
      "qids": [
        "mistral_bb_lies_q_62",
        "mistral_bb_lies_q_66",
        "mistral_bb_lies_q_68",
        "mistral_bb_lies_q_69",
        "mistral_bb_lies_q_70",
        "mistral_bb_lies_q_71",
        "mistral_bb_lies_q_73"
      ],
      "valid_pairs": 7,
      "total_pairs": 7
    },
    "bbh": {
      "positive": [
        0.0002842731054296163,
        0.00029486052657315317,
        0.0002910634978896949,
        0.0003015042405277323,
        0.0003031626693357324,
        0.00030249691244832564,
        0.0002889268064374661,
        0.00029088970721101925,
        0.00029577605144302175,
        0.00028535229877842236,
        0.00029189992084800373
      ],
      "negative": [
        0.0002959610902512335,
        0.0003009575317941716,
        0.00029111429955693625,
        0.00028164452816460727,
        0.0003003422608910121,
        0.0002852907464880975,
        0.00028851301593723515,
        0.00028893219724438,
        0.0002936176350853644,
        0.0002828866255375779,
        0.0002921968044398696
      ],
      "differences": [
        -1.1687984821617185e-05,
        -6.097005221018434e-06,
        -5.080166724135337e-08,
        1.9859712363125032e-05,
        2.8204084447203234e-06,
        1.7206165960228115e-05,
        4.1379050023097235e-07,
        1.9575099666392518e-06,
        2.1584163576573783e-06,
        2.4656732408444727e-06,
        -2.968835918658514e-07
      ],
      "qids": [
        "mistral_bbh_lies_q_60",
        "mistral_bbh_lies_q_61",
        "mistral_bbh_lies_q_62",
        "mistral_bbh_lies_q_63",
        "mistral_bbh_lies_q_64",
        "mistral_bbh_lies_q_66",
        "mistral_bbh_lies_q_68",
        "mistral_bbh_lies_q_71",
        "mistral_bbh_lies_q_72",
        "mistral_bbh_lies_q_73",
        "mistral_bbh_lies_q_74"
      ],
      "valid_pairs": 11,
      "total_pairs": 11
    },
    "bbeh": {
      "positive": [
        0.0002797697112857089,
        0.0002909542171222606,
        0.0003022710022149003
      ],
      "negative": [
        0.00028494903472802113,
        0.00029690722931536586,
        0.0002847474277603827
      ],
      "differences": [
        -5.1793234423122255e-06,
        -5.9530121931052516e-06,
        1.752357445451762e-05
      ],
      "qids": [
        "mistral_bbeh_lies_q_65",
        "mistral_bbeh_lies_q_67",
        "mistral_bbeh_lies_q_72"
      ],
      "valid_pairs": 3,
      "total_pairs": 3
    }
  },
  "statistics": {
    "bb": {
      "positive": {
        "mean": 0.00030458879902760846,
        "std": 7.64047312472749e-06,
        "median": 0.0003029698800409568,
        "min": 0.0002937612043760889,
        "max": 0.00031857907885343684,
        "q25": 0.00029950354153141163,
        "q75": 0.0003089021734299768
      },
      "negative": {
        "mean": 0.00030057319192047235,
        "std": 3.407612284109883e-06,
        "median": 0.0002991028053729918,
        "min": 0.00029683818226628313,
        "max": 0.0003073261934267303,
        "q25": 0.0002986030824171515,
        "q75": 0.00030176949877149895
      },
      "differences": {
        "mean": 4.015607107136196e-06,
        "std": 6.067689192073248e-06,
        "median": 4.079339596794627e-06,
        "positive_count": 5,
        "negative_count": 2,
        "zero_count": 0
      },
      "sample_info": {
        "valid_pairs": 7,
        "total_pairs": 7,
        "validity_rate": 1.0
      },
      "effect_size": 0.6788165161542397
    },
    "bbh": {
      "positive": {
        "mean": 0.0002936550669929262,
        "std": 6.273258977542383e-06,
        "median": 0.00029189992084800373,
        "min": 0.0002842731054296163,
        "max": 0.0003031626693357324,
        "q25": 0.0002899082568242427,
        "q75": 0.000298640145985377
      },
      "negative": {
        "mean": 0.000291041521399135,
        "std": 6.147647894116041e-06,
        "median": 0.00029111429955693625,
        "min": 0.00028164452816460727,
        "max": 0.0003009575317941716,
        "q25": 0.0002869018812126663,
        "q75": 0.00029478936266829893
      },
      "differences": {
        "mean": 2.6135455937911565e-06,
        "std": 8.591183407721139e-06,
        "median": 1.9575099666392518e-06,
        "positive_count": 7,
        "negative_count": 4,
        "zero_count": 0
      },
      "sample_info": {
        "valid_pairs": 11,
        "total_pairs": 11,
        "validity_rate": 1.0
      },
      "effect_size": 0.42080855883808543
    },
    "bbeh": {
      "positive": {
        "mean": 0.00029099831020762326,
        "std": 9.18616646631083e-06,
        "median": 0.0002909542171222606,
        "min": 0.0002797697112857089,
        "max": 0.0003022710022149003,
        "q25": 0.00028536196420398476,
        "q75": 0.00029661260966858046
      },
      "negative": {
        "mean": 0.0002888678972679232,
        "std": 5.6852620091559965e-06,
        "median": 0.00028494903472802113,
        "min": 0.0002847474277603827,
        "max": 0.00029690722931536586,
        "q25": 0.00028484823124420194,
        "q75": 0.00029092813202169347
      },
      "differences": {
        "mean": 2.1304129397000477e-06,
        "std": 1.0889190806689036e-05,
        "median": -5.1793234423122255e-06,
        "positive_count": 1,
        "negative_count": 2,
        "zero_count": 0
      },
      "sample_info": {
        "valid_pairs": 3,
        "total_pairs": 3,
        "validity_rate": 1.0
      },
      "effect_size": 0.2788873008449936
    }
  }
}