{
  "error": {
    "mean": 0.13178436147186146,
    "std": 0.10752164736200615,
    "min": 0.03125,
    "max": 0.30303030303030304,
    "count": 4
  },
  "fix": {
    "mean": 0.01141101601931095,
    "std": 0.018503580411527575,
    "min": 0.0,
    "max": 0.047619047619047616,
    "count": 7
  },
  "neg_normal": {
    "mean": 0.05865730675401301,
    "std": 0.06799220326661287,
    "min": 0.0,
    "max": 0.2,
    "count": 13
  },
  "pos_normal": {
    "mean": 0.02395424836601307,
    "std": 0.055438732419174803,
    "min": 0.0,
    "max": 0.2,
    "count": 15
  }
}