{
  "error": {
    "mean": 0.03960012688460964,
    "std": 0.0693557865376129,
    "min": 0.0,
    "max": 0.21212121212121213,
    "count": 8
  },
  "fix": {
    "mean": 0.01983367509683299,
    "std": 0.024372338675521642,
    "min": 0.0,
    "max": 0.05263157894736842,
    "count": 10
  },
  "neg_normal": {
    "mean": 0.1346668874212958,
    "std": 0.27670403259098086,
    "min": 0.0,
    "max": 1.0,
    "count": 23
  },
  "pos_normal": {
    "mean": 0.021542088333879696,
    "std": 0.040683204281967464,
    "min": 0.0,
    "max": 0.2,
    "count": 30
  }
}