{
  "error": {
    "mean": 0.09411239964317573,
    "std": 0.041480820695807316,
    "min": 0.05263157894736842,
    "max": 0.13559322033898305,
    "count": 2
  },
  "fix": {
    "mean": 0.19526143790849673,
    "std": 0.16714855683783536,
    "min": 0.0,
    "max": 0.3611111111111111,
    "count": 4
  },
  "neg_normal": {
    "mean": null,
    "std": null,
    "min": null,
    "max": null,
    "count": 0
  },
  "pos_normal": {
    "mean": 0.0032679738562091504,
    "std": 0.013474201390907388,
    "min": 0.0,
    "max": 0.058823529411764705,
    "count": 18
  }
}