{
  "error": {
    "mean": 0.03553921568627451,
    "std": 0.006127450980392156,
    "min": 0.029411764705882353,
    "max": 0.041666666666666664,
    "count": 2
  },
  "fix": {
    "mean": 0.0,
    "std": 0.0,
    "min": 0.0,
    "max": 0.0,
    "count": 2
  },
  "neg_normal": {
    "mean": 0.07980441995820917,
    "std": 0.14097667594280353,
    "min": 0.0,
    "max": 0.6190476190476191,
    "count": 25
  },
  "pos_normal": {
    "mean": 0.10170337419458905,
    "std": 0.21511088183844487,
    "min": 0.0,
    "max": 1.0,
    "count": 40
  }
}