{
  "error": {
    "mean": 0.012121212121212121,
    "std": 0.017141982574219332,
    "min": 0.0,
    "max": 0.03636363636363636,
    "count": 3
  },
  "fix": {
    "mean": 0.041666666666666664,
    "std": 0.0,
    "min": 0.041666666666666664,
    "max": 0.041666666666666664,
    "count": 2
  },
  "neg_normal": {
    "mean": 0.07144274037366143,
    "std": 0.1914902951059446,
    "min": 0.0,
    "max": 1.0,
    "count": 28
  },
  "pos_normal": {
    "mean": null,
    "std": null,
    "min": null,
    "max": null,
    "count": 0
  }
}