{
  "error": {
    "mean": 184.58513310737234,
    "std": 0.0,
    "min": 184.58513310737234,
    "max": 184.58513310737234,
    "count": 1
  },
  "fix": {
    "mean": 181.15335270581838,
    "std": 0.0,
    "min": 181.15335270581838,
    "max": 181.15335270581838,
    "count": 1
  },
  "neg_normal": {
    "mean": 104.22926336999198,
    "std": 3.2504996991748616,
    "min": 100.71197287520368,
    "max": 108.55113375828923,
    "count": 3
  },
  "pos_normal": {
    "mean": 108.58824910203224,
    "std": 8.500076569385174,
    "min": 96.6011324882499,
    "max": 115.36201827388496,
    "count": 3
  }
}