{
  "error": {
    "mean": 112.92601502952843,
    "std": 21.441732473075717,
    "min": 82.5417626683266,
    "max": 136.55003837029744,
    "count": 4
  },
  "fix": {
    "mean": 110.18956650978039,
    "std": 13.505995862032755,
    "min": 97.96477692123901,
    "max": 131.63606097257681,
    "count": 7
  },
  "neg_normal": {
    "mean": 131.7826846842569,
    "std": 32.722904531462625,
    "min": 85.68900140145448,
    "max": 200.07893794609734,
    "count": 13
  },
  "pos_normal": {
    "mean": 120.08621685206047,
    "std": 27.35627923001549,
    "min": 93.5428540356777,
    "max": 175.46893712656808,
    "count": 15
  }
}