{
  "error": {
    "mean": 93.10022979851828,
    "std": 7.52897085312915,
    "min": 80.24514906218049,
    "max": 102.16060244099705,
    "count": 8
  },
  "fix": {
    "mean": 133.989880217251,
    "std": 27.434671668281396,
    "min": 89.31987134014086,
    "max": 168.9820000635422,
    "count": 10
  },
  "neg_normal": {
    "mean": 134.4565219987473,
    "std": 28.527423379331253,
    "min": 87.86586591196524,
    "max": 182.5516958976232,
    "count": 23
  },
  "pos_normal": {
    "mean": 120.81113628479935,
    "std": 26.428751894809484,
    "min": 69.52369300397737,
    "max": 176.50848186536166,
    "count": 30
  }
}