{
  "error": {
    "mean": 170.69902664534732,
    "std": 20.25978344654301,
    "min": 150.43924319880432,
    "max": 190.95881009189034,
    "count": 2
  },
  "fix": {
    "mean": 107.15621541563291,
    "std": 33.01937353482835,
    "min": 87.03453768598459,
    "max": 164.30214216616798,
    "count": 4
  },
  "neg_normal": {
    "mean": null,
    "std": null,
    "min": null,
    "max": null,
    "count": 0
  },
  "pos_normal": {
    "mean": 101.99304737961458,
    "std": 16.6273522840743,
    "min": 83.34848721016823,
    "max": 164.30202351842723,
    "count": 18
  }
}