{
  "error": {
    "mean": 154.6809181950602,
    "std": 51.80474996706789,
    "min": 101.55195555007896,
    "max": 227.2850144752935,
    "count": 4
  },
  "fix": {
    "mean": 146.80220599858217,
    "std": 55.69782412991986,
    "min": 84.0306367474359,
    "max": 220.99608181387458,
    "count": 6
  },
  "neg_normal": {
    "mean": 132.61148216382085,
    "std": 44.498581605473525,
    "min": 75.13958857711201,
    "max": 219.11818027346052,
    "count": 33
  },
  "pos_normal": {
    "mean": 137.16359316509448,
    "std": 39.420128775966774,
    "min": 84.0288225209718,
    "max": 225.2781299605922,
    "count": 34
  }
}