{
  "error": {
    "mean": 123.83444553666614,
    "std": 21.04140052790024,
    "min": 99.37963558774925,
    "max": 150.74457869886433,
    "count": 3
  },
  "fix": {
    "mean": 101.77003758817179,
    "std": 6.081791489302272,
    "min": 93.35586835808488,
    "max": 110.17474918664882,
    "count": 4
  },
  "neg_normal": {
    "mean": 109.8235155852772,
    "std": 29.50668047631341,
    "min": 75.37475473558891,
    "max": 167.75343711705486,
    "count": 10
  },
  "pos_normal": {
    "mean": 116.68994147098667,
    "std": 24.87141828167992,
    "min": 93.3555417587752,
    "max": 173.06654908469469,
    "count": 26
  }
}