{
  "error": {
    "mean": 114.09814100037185,
    "std": 17.970302049075098,
    "min": 83.42465536801754,
    "max": 145.57778727882072,
    "count": 13
  },
  "fix": {
    "mean": 90.63658030967262,
    "std": 10.927219109239006,
    "min": 55.58284889810042,
    "max": 99.132848090266,
    "count": 12
  },
  "neg_normal": {
    "mean": 125.42236709058842,
    "std": 32.15221386152,
    "min": 62.41612088037665,
    "max": 216.30386396663093,
    "count": 46
  },
  "pos_normal": {
    "mean": 121.16812481937087,
    "std": 30.101287929594424,
    "min": 70.37898300878197,
    "max": 176.3635461371349,
    "count": 28
  }
}