{
  "error": {
    "mean": 89.85899040303367,
    "std": 66.22870153747925,
    "min": 0.0,
    "max": 157.6660454355593,
    "count": 3
  },
  "fix": {
    "mean": 170.172866380857,
    "std": 0.004549228969565888,
    "min": 170.1683171518874,
    "max": 170.17741560982654,
    "count": 2
  },
  "neg_normal": {
    "mean": 117.15782614746004,
    "std": 18.887590500080663,
    "min": 85.50193566404901,
    "max": 163.12568859475468,
    "count": 28
  },
  "pos_normal": {
    "mean": null,
    "std": null,
    "min": null,
    "max": null,
    "count": 0
  }
}