{
  "error": {
    "mean": 0.2035846324228917,
    "std": 0.0,
    "min": 0.2035846324228917,
    "max": 0.2035846324228917,
    "count": 1
  },
  "fix": {
    "mean": 0.203394762891644,
    "std": 0.0,
    "min": 0.203394762891644,
    "max": 0.203394762891644,
    "count": 1
  },
  "neg_normal": {
    "mean": 0.15999981532131863,
    "std": 0.017960773151755396,
    "min": 0.14106914106296975,
    "max": 0.1841316529671958,
    "count": 3
  },
  "pos_normal": {
    "mean": 0.1703633976065488,
    "std": 0.01476994394750897,
    "min": 0.154581014371942,
    "max": 0.19010423693573955,
    "count": 3
  }
}