{
  "error": {
    "mean": 0.14467881261420149,
    "std": 0.025121101049705035,
    "min": 0.11030964587257806,
    "max": 0.18013543047865424,
    "count": 4
  },
  "fix": {
    "mean": 0.1567593301138612,
    "std": 0.02823580921447955,
    "min": 0.12058637968621093,
    "max": 0.2116535206512892,
    "count": 7
  },
  "neg_normal": {
    "mean": 0.2500750707662423,
    "std": 0.1260058031786034,
    "min": 0.10375445065812285,
    "max": 0.5708415676212983,
    "count": 13
  },
  "pos_normal": {
    "mean": 0.22013729821396164,
    "std": 0.0758247634093772,
    "min": 0.12921945726192466,
    "max": 0.3921333583160329,
    "count": 15
  }
}