{
  "error": {
    "mean": 0.2067949713531166,
    "std": 0.048162562265671734,
    "min": 0.15594364690298515,
    "max": 0.28744622465225045,
    "count": 5
  },
  "fix": {
    "mean": 0.15008248203283486,
    "std": 0.014247933009471452,
    "min": 0.13032111450893769,
    "max": 0.16337222105286825,
    "count": 3
  },
  "neg_normal": {
    "mean": 0.19667580281031521,
    "std": 0.08409528471571043,
    "min": 0.12104667229235468,
    "max": 0.5088423131120198,
    "count": 19
  },
  "pos_normal": {
    "mean": 0.1857529617515393,
    "std": 0.052107732692765744,
    "min": 0.13010158523455437,
    "max": 0.37136872638076546,
    "count": 38
  }
}