{
  "error": {
    "mean": 0.1756671617079428,
    "std": 0.01830428879008181,
    "min": 0.14980336848873,
    "max": 0.18953106282473967,
    "count": 3
  },
  "fix": {
    "mean": 0.13877087101351587,
    "std": 0.016043864354587364,
    "min": 0.11788719257149813,
    "max": 0.15979295114880093,
    "count": 4
  },
  "neg_normal": {
    "mean": 0.1818869027122421,
    "std": 0.07137564953265582,
    "min": 0.11790403654381572,
    "max": 0.38321535975759,
    "count": 10
  },
  "pos_normal": {
    "mean": 0.1773704448766682,
    "std": 0.06606304150894564,
    "min": 0.11788719257149813,
    "max": 0.38321535975759,
    "count": 26
  }
}