{
  "error": {
    "mean": 0.17039395892815296,
    "std": 0.0350178905846341,
    "min": 0.13537606834351884,
    "max": 0.20541184951278704,
    "count": 2
  },
  "fix": {
    "mean": 0.17578806848440803,
    "std": 0.010515154993790868,
    "min": 0.16527291349061715,
    "max": 0.1863032234781989,
    "count": 2
  },
  "neg_normal": {
    "mean": 0.1822374385553875,
    "std": 0.031756455908065646,
    "min": 0.13334090527624434,
    "max": 0.2520426412956864,
    "count": 25
  },
  "pos_normal": {
    "mean": 0.18407816221136847,
    "std": 0.03503241778529086,
    "min": 0.12180885228694123,
    "max": 0.27169922059444085,
    "count": 40
  }
}