{
  "error": {
    "mean": 18.75894003776481,
    "std": 0.0,
    "min": 18.75894003776481,
    "max": 18.75894003776481,
    "count": 1
  },
  "fix": {
    "mean": 19.345068463538563,
    "std": 0.0,
    "min": 19.345068463538563,
    "max": 19.345068463538563,
    "count": 1
  },
  "neg_normal": {
    "mean": 10.45183776313562,
    "std": 0.9687950653529074,
    "min": 9.11369655617115,
    "max": 11.375622717697585,
    "count": 3
  },
  "pos_normal": {
    "mean": 11.601773455020288,
    "std": 0.7199446184257517,
    "min": 10.948345288000876,
    "max": 12.604693204958146,
    "count": 3
  }
}