{
  "error": {
    "mean": 13.893635603806306,
    "std": 1.5174361640199274,
    "min": 12.37619943978638,
    "max": 15.411071767826234,
    "count": 2
  },
  "fix": {
    "mean": 10.541381379067058,
    "std": 0.05533831535576983,
    "min": 10.486043063711287,
    "max": 10.596719694422827,
    "count": 2
  },
  "neg_normal": {
    "mean": 14.032035603073924,
    "std": 2.908197125783932,
    "min": 7.904322801834068,
    "max": 20.238619250927904,
    "count": 25
  },
  "pos_normal": {
    "mean": 13.967538452477157,
    "std": 3.362751082030229,
    "min": 6.339346474512432,
    "max": 19.364455326156907,
    "count": 40
  }
}