{
  "metadata": {
    "analysis_type": "mistral_cluster_cohesion_comparison",
    "datasets": [
      "BB Lies",
      "BBH Lies"
    ],
    "timestamp": "2025-08-13T13:44:42"
  },
  "raw_data": {
    "bb": {
      "positive": [
        0.000249495003337473,
        0.00026241988623665373,
        0.00026155016824629,
        0.00026460142980836034,
        0.00025724387658554286,
        0.00024393744659784581,
        0.00024725797073506906,
        0.0002535083468396088
      ],
      "negative": [
        0.0002582765528474183,
        0.0002503279567635086,
        0.0002626956070777367,
        0.00024982779430937055,
        0.00024160029351865447,
        0.0002549856912047391,
        0.00024865717355742315,
        0.0002718317309310204
      ],
      "differences": [
        -8.781549509945274e-06,
        1.2091929473145142e-05,
        -1.1454388314466888e-06,
        1.4773635498989792e-05,
        1.564358306688839e-05,
        -1.10482446068933e-05,
        -1.3992028223540906e-06,
        -1.832338409141161e-05
      ],
      "qids": [
        "mistral-nemo-12b_bb_lies_q_106",
        "mistral-nemo-12b_bb_lies_q_107",
        "mistral-nemo-12b_bb_lies_q_108",
        "mistral-nemo-12b_bb_lies_q_111",
        "mistral-nemo-12b_bb_lies_q_112",
        "mistral-nemo-12b_bb_lies_q_113",
        "mistral-nemo-12b_bb_lies_q_114",
        "mistral-nemo-12b_bb_lies_q_116"
      ],
      "valid_pairs": 8,
      "total_pairs": 8
    },
    "bbh": {
      "positive": [
        0.00025423821842083253,
        0.00024247932511941837,
        0.00024350702498300672,
        0.00024994911704385997,
        0.00023628514777301724,
        0.0002583425636978488,
        0.0002541565745994264,
        0.0002391255923403656,
        0.0002405438240779492,
        0.00024394346303922365,
        0.0002437778341242319
      ],
      "negative": [
        0.00024434417615003365,
        0.00024515885937527855,
        0.00025010563263897596,
        0.0002549592264424588,
        0.0002381380671187759,
        0.0002540168213980307,
        0.00024389142315161917,
        0.00024208372276692252,
        0.00024164434556835874,
        0.0002476804644435744,
        0.0002526211445957438
      ],
      "differences": [
        9.894042270798878e-06,
        -2.6795342558601795e-06,
        -6.598607655969237e-06,
        -5.010109398598803e-06,
        -1.8529193457586686e-06,
        4.32574229981814e-06,
        1.0265151447807255e-05,
        -2.9581304265569053e-06,
        -1.10052149040953e-06,
        -3.7370014043507246e-06,
        -8.843310471511913e-06
      ],
      "qids": [
        "mistral-nemo-12b_bbh_lies_q_105",
        "mistral-nemo-12b_bbh_lies_q_106",
        "mistral-nemo-12b_bbh_lies_q_109",
        "mistral-nemo-12b_bbh_lies_q_110",
        "mistral-nemo-12b_bbh_lies_q_111",
        "mistral-nemo-12b_bbh_lies_q_112",
        "mistral-nemo-12b_bbh_lies_q_113",
        "mistral-nemo-12b_bbh_lies_q_114",
        "mistral-nemo-12b_bbh_lies_q_115",
        "mistral-nemo-12b_bbh_lies_q_117",
        "mistral-nemo-12b_bbh_lies_q_118"
      ],
      "valid_pairs": 11,
      "total_pairs": 11
    }
  },
  "statistics": {
    "bb": {
      "positive": {
        "mean": 0.0002550017660483554,
        "std": 7.159180729001848e-06,
        "median": 0.0002553761117125758,
        "min": 0.00024393744659784581,
        "max": 0.00026460142980836034,
        "q25": 0.000248935745186872,
        "q75": 0.0002617675977438809
      },
      "negative": {
        "mean": 0.0002547753500262339,
        "std": 8.812101605347272e-06,
        "median": 0.00025265682398412385,
        "min": 0.00024160029351865447,
        "max": 0.0002718317309310204,
        "q25": 0.0002495351391213837,
        "q75": 0.0002593813164049979
      },
      "differences": {
        "mean": 2.2641602212154495e-07,
        "std": 1.1973836924708026e-05,
        "median": -1.2723208269003897e-06,
        "positive_count": 3,
        "negative_count": 5,
        "zero_count": 0
      },
      "sample_info": {
        "valid_pairs": 8,
        "total_pairs": 8,
        "validity_rate": 1.0
      },
      "effect_size": 0.028202259049839532
    },
    "bbh": {
      "positive": {
        "mean": 0.00024603169865628914,
        "std": 6.752133903844396e-06,
        "median": 0.0002437778341242319,
        "min": 0.00023628514777301724,
        "max": 0.0002583425636978488,
        "q25": 0.0002415115745986838,
        "q75": 0.0002520528458216432
      },
      "negative": {
        "mean": 0.0002467858076045248,
        "std": 5.2680751889602e-06,
        "median": 0.00024515885937527855,
        "min": 0.0002381380671187759,
        "max": 0.0002549592264424588,
        "q25": 0.00024298757295927086,
        "q75": 0.00025136338861735986
      },
      "differences": {
        "mean": -7.54108948235608e-07,
        "std": 6.008395684070418e-06,
        "median": -2.6795342558601795e-06,
        "positive_count": 3,
        "negative_count": 8,
        "zero_count": 0
      },
      "sample_info": {
        "valid_pairs": 11,
        "total_pairs": 11,
        "validity_rate": 1.0
      },
      "effect_size": -0.12452799853610745
    }
  }
}