{
  "error": {
    "mean": 2.37751982795528,
    "std": 0.0,
    "min": 2.37751982795528,
    "max": 2.37751982795528,
    "count": 1
  },
  "fix": {
    "mean": 2.478384489570138,
    "std": 0.0,
    "min": 2.478384489570138,
    "max": 2.478384489570138,
    "count": 1
  },
  "neg_normal": {
    "mean": 1.3632431698696095,
    "std": 0.06435600284096774,
    "min": 1.2723603803364756,
    "max": 1.4129013854181207,
    "count": 3
  },
  "pos_normal": {
    "mean": 1.4994312039467603,
    "std": 0.04099769672624472,
    "min": 1.447830536729388,
    "max": 1.5481279360130031,
    "count": 3
  }
}