{
  "error": {
    "mean": 1.5861649421560922,
    "std": 0.190936601954711,
    "min": 1.403899327989243,
    "max": 1.8527717040420124,
    "count": 4
  },
  "fix": {
    "mean": 1.4826195000721352,
    "std": 0.2711318350538408,
    "min": 1.2552828541826917,
    "max": 2.0715696326585156,
    "count": 7
  },
  "neg_normal": {
    "mean": 1.8751303483961026,
    "std": 0.600915616210457,
    "min": 0.7228035837313757,
    "max": 3.038073725674554,
    "count": 13
  },
  "pos_normal": {
    "mean": 1.504294376146315,
    "std": 0.5848820164070757,
    "min": 0.9674601144922947,
    "max": 3.091605223501598,
    "count": 15
  }
}