{
  "error": {
    "mean": 1.2083063467479227,
    "std": 0.23141539645464973,
    "min": 0.837831177089356,
    "max": 1.6090326876450234,
    "count": 8
  },
  "fix": {
    "mean": 1.5448668974025268,
    "std": 0.37793827889594683,
    "min": 1.0306411396143844,
    "max": 2.2800119788421926,
    "count": 10
  },
  "neg_normal": {
    "mean": 1.7208032455952347,
    "std": 0.4640271954652791,
    "min": 1.047189292587812,
    "max": 2.5937862658177,
    "count": 23
  },
  "pos_normal": {
    "mean": 1.5291460748439916,
    "std": 0.3692853085731742,
    "min": 0.9823340683059154,
    "max": 2.4274703711708505,
    "count": 30
  }
}