{
  "error": {
    "mean": 2.6337064239882153,
    "std": 0.3589675429243202,
    "min": 2.2747388810638953,
    "max": 2.9926739669125357,
    "count": 2
  },
  "fix": {
    "mean": 1.5773347590701632,
    "std": 0.4135713331092457,
    "min": 1.3251174966293169,
    "max": 2.2935184185021593,
    "count": 4
  },
  "neg_normal": {
    "mean": null,
    "std": null,
    "min": null,
    "max": null,
    "count": 0
  },
  "pos_normal": {
    "mean": 1.2586538822784268,
    "std": 0.3314811277977036,
    "min": 0.7042795224916424,
    "max": 2.2935184185021593,
    "count": 18
  }
}