{
  "error": {
    "mean": 2.0705835910596493,
    "std": 0.7246777326085966,
    "min": 1.1664028652842384,
    "max": 3.079051546574451,
    "count": 4
  },
  "fix": {
    "mean": 2.1070503353686236,
    "std": 0.9214487200052377,
    "min": 1.1438940081968978,
    "max": 3.433547902574141,
    "count": 6
  },
  "neg_normal": {
    "mean": 1.8604576870188199,
    "std": 0.770008433555868,
    "min": 1.0595819288631618,
    "max": 3.5509717122970588,
    "count": 33
  },
  "pos_normal": {
    "mean": 1.819660387313577,
    "std": 0.6433722279950388,
    "min": 0.9748740285303861,
    "max": 3.433547902574141,
    "count": 34
  }
}