{
  "error": {
    "mean": 1.6770241058714486,
    "std": 0.7194075507286872,
    "min": 0.7877572847841007,
    "max": 2.9813107510935435,
    "count": 5
  },
  "fix": {
    "mean": 1.8737480135232394,
    "std": 0.22740427167991467,
    "min": 1.5683763632917656,
    "max": 2.113784686337144,
    "count": 3
  },
  "neg_normal": {
    "mean": 1.5595718038731585,
    "std": 0.4351446750821037,
    "min": 0.7037342845149644,
    "max": 2.415097112285158,
    "count": 19
  },
  "pos_normal": {
    "mean": 1.713581365105815,
    "std": 0.4548493541598117,
    "min": 1.0854346230342145,
    "max": 2.801275209557376,
    "count": 38
  }
}