{
  "error": {
    "mean": 1.3841242309537287,
    "std": 0.4165725941763493,
    "min": 0.8679830183784318,
    "max": 1.8881577934750278,
    "count": 3
  },
  "fix": {
    "mean": 1.214574154612654,
    "std": 1.214574154612654,
    "min": 0.0,
    "max": 2.429148309225308,
    "count": 2
  },
  "neg_normal": {
    "mean": 1.5345570189436601,
    "std": 0.5107991330958604,
    "min": 0.8280429829319498,
    "max": 2.8695129779694613,
    "count": 69
  },
  "pos_normal": {
    "mean": null,
    "std": null,
    "min": null,
    "max": null,
    "count": 0
  }
}