{
  "error": {
    "mean": 19.535099299883704,
    "std": 0.9553196641057902,
    "min": 18.579779635777914,
    "max": 20.490418963989494,
    "count": 2
  },
  "fix": {
    "mean": 14.873134584229593,
    "std": 2.9022670303631095,
    "min": 12.84960128569523,
    "max": 19.886081114612487,
    "count": 4
  },
  "neg_normal": {
    "mean": null,
    "std": null,
    "min": null,
    "max": null,
    "count": 0
  },
  "pos_normal": {
    "mean": 13.794573870269698,
    "std": 1.7037723544383712,
    "min": 12.039075208422304,
    "max": 19.886081114612487,
    "count": 18
  }
}