{
  "error": {
    "mean": 15.041569088102992,
    "std": 0.8758307238672574,
    "min": 14.165738364235736,
    "max": 15.91739981197025,
    "count": 2
  },
  "fix": {
    "mean": 13.664338526745638,
    "std": 0.1543186195358297,
    "min": 13.510019907209807,
    "max": 13.818657146281467,
    "count": 2
  },
  "neg_normal": {
    "mean": 15.532920816634403,
    "std": 1.8211189470407712,
    "min": 13.503214873633482,
    "max": 20.158592820614395,
    "count": 25
  },
  "pos_normal": {
    "mean": 16.468666637782043,
    "std": 2.7397113465878458,
    "min": 12.254959695715302,
    "max": 20.889145372648045,
    "count": 40
  }
}