{
  "error": {
    "mean": 15.05104065188823,
    "std": 1.8736853133837903,
    "min": 11.884677436419596,
    "max": 17.107525334898913,
    "count": 13
  },
  "fix": {
    "mean": 12.46437762554843,
    "std": 0.6617790597453695,
    "min": 11.394171506466106,
    "max": 13.464359399346224,
    "count": 12
  },
  "neg_normal": {
    "mean": 14.651987214604912,
    "std": 2.2578942225693877,
    "min": 11.265271563331579,
    "max": 19.57327706621058,
    "count": 46
  },
  "pos_normal": {
    "mean": 14.954197623485632,
    "std": 2.823730319365904,
    "min": 11.574543507438271,
    "max": 19.33993077520159,
    "count": 28
  }
}