{
  "error": {
    "mean": 15.02215487413706,
    "std": 2.691065722583062,
    "min": 12.47850237578873,
    "max": 18.745536968203805,
    "count": 3
  },
  "fix": {
    "mean": 16.323339817714896,
    "std": 4.070115506154535,
    "min": 12.253224311560363,
    "max": 20.393455323869432,
    "count": 2
  },
  "neg_normal": {
    "mean": 14.30776665342419,
    "std": 3.2072075438635936,
    "min": 7.633100687085265,
    "max": 19.91496283180634,
    "count": 69
  },
  "pos_normal": {
    "mean": null,
    "std": null,
    "min": null,
    "max": null,
    "count": 0
  }
}