{
  "error": {
    "mean": 0.09822124483909922,
    "std": 0.012541857240399136,
    "min": 0.07710243089014342,
    "max": 0.11689091139198167,
    "count": 8
  },
  "fix": {
    "mean": 0.1049079193238879,
    "std": 0.019289594755078923,
    "min": 0.0899010964177597,
    "max": 0.16035996765225555,
    "count": 10
  },
  "neg_normal": {
    "mean": 0.09243868970359424,
    "std": 0.01870133855178857,
    "min": 0.05615622593923911,
    "max": 0.12632384240854558,
    "count": 23
  },
  "pos_normal": {
    "mean": 0.10144270806721795,
    "std": 0.021913107357557023,
    "min": 0.0675128172184988,
    "max": 0.16035996765225555,
    "count": 30
  }
}