{
  "error": {
    "mean": 0.10596093130319491,
    "std": 0.027145581671372782,
    "min": 0.07682427499505158,
    "max": 0.1574054464285056,
    "count": 5
  },
  "fix": {
    "mean": 0.08312147693036656,
    "std": 0.007161062940598336,
    "min": 0.0747172420084003,
    "max": 0.09221724948658458,
    "count": 3
  },
  "neg_normal": {
    "mean": 0.09853892536788543,
    "std": 0.03571659262877953,
    "min": 0.05703738585468597,
    "max": 0.2042203504251998,
    "count": 19
  },
  "pos_normal": {
    "mean": 0.10124228815242367,
    "std": 0.01949173873979484,
    "min": 0.06011626511924828,
    "max": 0.15503732152836133,
    "count": 38
  }
}