{
  "error": {
    "mean": 1827.155619809726,
    "std": 1001.6498580293704,
    "min": 1012.4591061153114,
    "max": 3238.0754237157425,
    "count": 3
  },
  "fix": {
    "mean": 2603.6014961223163,
    "std": 926.0934818224332,
    "min": 1274.376384002818,
    "max": 3811.6652698212183,
    "count": 4
  },
  "neg_normal": {
    "mean": 1723.7448086932745,
    "std": 1439.7661720882645,
    "min": 331.6012286629437,
    "max": 5206.357938073851,
    "count": 10
  },
  "pos_normal": {
    "mean": 1979.0740837147093,
    "std": 1100.0818138621303,
    "min": 331.6012286629437,
    "max": 3980.753068807758,
    "count": 26
  }
}