{
  "error": {
    "mean": 1995.1338874353619,
    "std": 736.5367864297037,
    "min": 818.6492539739207,
    "max": 3260.124164843698,
    "count": 13
  },
  "fix": {
    "mean": 1300.5447922042301,
    "std": 372.70224745052917,
    "min": 855.2586071711896,
    "max": 1783.2583708852178,
    "count": 12
  },
  "neg_normal": {
    "mean": 1446.64967849851,
    "std": 746.8613954790163,
    "min": 0.0,
    "max": 3327.831010777965,
    "count": 46
  },
  "pos_normal": {
    "mean": 1365.504433839067,
    "std": 607.316175070544,
    "min": 339.4061829861179,
    "max": 2468.8677302366486,
    "count": 28
  }
}