{
  "error": {
    "mean": 2617.410180490311,
    "std": 1454.4582559221587,
    "min": 784.0412514194898,
    "max": 4341.7096552679,
    "count": 3
  },
  "fix": {
    "mean": 42.80899538606036,
    "std": 42.80899538606036,
    "min": 0.0,
    "max": 85.61799077212072,
    "count": 2
  },
  "neg_normal": {
    "mean": 1564.6439261436688,
    "std": 853.1362947253782,
    "min": 0.0,
    "max": 5619.523192254799,
    "count": 69
  },
  "pos_normal": {
    "mean": null,
    "std": null,
    "min": null,
    "max": null,
    "count": 0
  }
}