{
  "error": {
    "mean": 1395.3523524523105,
    "std": 1915.4801030671752,
    "min": 0.0,
    "max": 4103.834311753675,
    "count": 3
  },
  "fix": {
    "mean": 1649.9686366851477,
    "std": 0.0,
    "min": 1649.9686366851477,
    "max": 1649.9686366851477,
    "count": 2
  },
  "neg_normal": {
    "mean": 1650.405154462064,
    "std": 804.750694377848,
    "min": 593.0894220434136,
    "max": 3515.7691746641594,
    "count": 28
  },
  "pos_normal": {
    "mean": null,
    "std": null,
    "min": null,
    "max": null,
    "count": 0
  }
}