{
  "error": {
    "mean": 0.720382567549281,
    "std": 0.0,
    "min": 0.720382567549281,
    "max": 0.720382567549281,
    "count": 1
  },
  "fix": {
    "mean": 0.7230785861587834,
    "std": 0.0,
    "min": 0.7230785861587834,
    "max": 0.7230785861587834,
    "count": 1
  },
  "neg_normal": {
    "mean": 0.8126607857238225,
    "std": 0.07496828449574651,
    "min": 0.7223339166184966,
    "max": 0.9058987255633292,
    "count": 3
  },
  "pos_normal": {
    "mean": 0.7592317971520597,
    "std": 0.08659033649840928,
    "min": 0.6416583976854613,
    "max": 0.8476698268009358,
    "count": 3
  }
}