{
  "error": {
    "mean": 0.7572926654098219,
    "std": 0.08133037900785288,
    "min": 0.6644201013555164,
    "max": 0.905161665586025,
    "count": 8
  },
  "fix": {
    "mean": 0.7434310842405367,
    "std": 0.07713636350686302,
    "min": 0.6273918073920215,
    "max": 0.8557123135949499,
    "count": 10
  },
  "neg_normal": {
    "mean": 0.7463934188853062,
    "std": 0.07063220029990186,
    "min": 0.6266970990193339,
    "max": 0.8735787871293564,
    "count": 23
  },
  "pos_normal": {
    "mean": 0.7621879818113565,
    "std": 0.0683110571050491,
    "min": 0.631859562650073,
    "max": 0.8595038763933669,
    "count": 30
  }
}