{
  "error": {
    "mean": 0.7995768574313993,
    "std": 0.05107012394281451,
    "min": 0.7378077243601785,
    "max": 0.8617866767341593,
    "count": 4
  },
  "fix": {
    "mean": 0.7705013965734064,
    "std": 0.0958067091012764,
    "min": 0.5845182747730266,
    "max": 0.879602404997808,
    "count": 6
  },
  "neg_normal": {
    "mean": 0.7251037825740898,
    "std": 0.06751575665115968,
    "min": 0.601415071693717,
    "max": 0.8870557285689691,
    "count": 33
  },
  "pos_normal": {
    "mean": 0.7483486906646073,
    "std": 0.07651710591577324,
    "min": 0.5845184081470477,
    "max": 0.8795983267453785,
    "count": 34
  }
}