{
  "error": {
    "mean": 0.7930857062298713,
    "std": 0.04513284985041175,
    "min": 0.721725409824109,
    "max": 0.8388689139599692,
    "count": 5
  },
  "fix": {
    "mean": 0.7713498649157763,
    "std": 0.05412813207499702,
    "min": 0.6965315926183314,
    "max": 0.822775121095075,
    "count": 3
  },
  "neg_normal": {
    "mean": 0.7527928582983144,
    "std": 0.07646064285957233,
    "min": 0.5871031033545814,
    "max": 0.8922411548352491,
    "count": 19
  },
  "pos_normal": {
    "mean": 0.7577871022333876,
    "std": 0.08151083773100457,
    "min": 0.6296302420265762,
    "max": 0.9207362870513195,
    "count": 38
  }
}