{
  "error": {
    "mean": 0.7694474789392465,
    "std": 0.046623906903729403,
    "min": 0.7067620693312019,
    "max": 0.8184985887859368,
    "count": 3
  },
  "fix": {
    "mean": 0.7638265171324455,
    "std": 0.07709261757809453,
    "min": 0.6740697685298,
    "max": 0.8459994265213366,
    "count": 4
  },
  "neg_normal": {
    "mean": 0.7525208728637937,
    "std": 0.06366987563738317,
    "min": 0.61978886247222,
    "max": 0.8439420133460758,
    "count": 10
  },
  "pos_normal": {
    "mean": 0.7457086328537531,
    "std": 0.06671466836745882,
    "min": 0.6228720879608787,
    "max": 0.8460148576617789,
    "count": 26
  }
}