{
  "error": {
    "mean": 0.8089119485242081,
    "std": 0.05359662357181744,
    "min": 0.7331152155648775,
    "max": 0.8470066360867777,
    "count": 3
  },
  "fix": {
    "mean": 0.3096305145731791,
    "std": 0.3096305145731791,
    "min": 0.0,
    "max": 0.6192610291463582,
    "count": 2
  },
  "neg_normal": {
    "mean": 0.7422901471761205,
    "std": 0.07151210478476673,
    "min": 0.6023060225234392,
    "max": 0.8891987111595178,
    "count": 69
  },
  "pos_normal": {
    "mean": null,
    "std": null,
    "min": null,
    "max": null,
    "count": 0
  }
}