{
  "error": {
    "mean": 0.08372324703818285,
    "std": 0.004371956939939857,
    "min": 0.07907961429452498,
    "max": 0.09059875434230631,
    "count": 4
  },
  "fix": {
    "mean": 0.0744122047901827,
    "std": 0.013659545369696668,
    "min": 0.06005707569392867,
    "max": 0.09143299367377235,
    "count": 7
  },
  "neg_normal": {
    "mean": 0.07841996569366268,
    "std": 0.021549891836487745,
    "min": 0.050362321458749575,
    "max": 0.13788798055633913,
    "count": 13
  },
  "pos_normal": {
    "mean": 0.06750464992714274,
    "std": 0.018856330711960023,
    "min": 0.05221598675003339,
    "max": 0.12757565226865764,
    "count": 15
  }
}