{
  "error": {
    "mean": 0.07834146559399846,
    "std": 0.023781077273890026,
    "min": 0.039474081110157065,
    "max": 0.11893243005202914,
    "count": 8
  },
  "fix": {
    "mean": 0.0775408864842745,
    "std": 0.020751270470806164,
    "min": 0.046702580334129044,
    "max": 0.13144429051489412,
    "count": 10
  },
  "neg_normal": {
    "mean": 0.07594242827087806,
    "std": 0.01727186212001514,
    "min": 0.05192105271368011,
    "max": 0.11840295277274265,
    "count": 23
  },
  "pos_normal": {
    "mean": 0.07848989605470232,
    "std": 0.01830748042327042,
    "min": 0.046702580334129114,
    "max": 0.13144429051489442,
    "count": 30
  }
}