{
  "error": {
    "mean": 0.08329200995716153,
    "std": 0.011835894383396536,
    "min": 0.071456115573765,
    "max": 0.09512790434055807,
    "count": 2
  },
  "fix": {
    "mean": 0.06015016001994741,
    "std": 0.016349766442503414,
    "min": 0.043800393577443995,
    "max": 0.07649992646245082,
    "count": 2
  },
  "neg_normal": {
    "mean": 0.07183266519134905,
    "std": 0.020977004608042568,
    "min": 0.034251322037869555,
    "max": 0.1157019476015553,
    "count": 25
  },
  "pos_normal": {
    "mean": 0.0697033759943269,
    "std": 0.02469295540274236,
    "min": 0.01957498758963233,
    "max": 0.15062577766034674,
    "count": 40
  }
}