{
  "error": {
    "mean": 0.07326731796445343,
    "std": 0.01498249433887302,
    "min": 0.0421682525019558,
    "max": 0.10807255736403407,
    "count": 13
  },
  "fix": {
    "mean": 0.0808960822113068,
    "std": 0.016348486402490273,
    "min": 0.06452273677249219,
    "max": 0.11185204881883068,
    "count": 12
  },
  "neg_normal": {
    "mean": 0.0719452259996682,
    "std": 0.025010937845000216,
    "min": 5.830873286645492e-16,
    "max": 0.12757057318623194,
    "count": 46
  },
  "pos_normal": {
    "mean": 0.07551039610146816,
    "std": 0.02272007902203677,
    "min": 0.04724509226271016,
    "max": 0.12756602415311277,
    "count": 28
  }
}