{
  "error": {
    "mean": 0.08803631200581107,
    "std": 0.0,
    "min": 0.08803631200581107,
    "max": 0.08803631200581107,
    "count": 1
  },
  "fix": {
    "mean": 0.08842717900731134,
    "std": 0.0,
    "min": 0.08842717900731134,
    "max": 0.08842717900731134,
    "count": 1
  },
  "neg_normal": {
    "mean": 0.1321345190471533,
    "std": 0.008479133235372659,
    "min": 0.12046184930388855,
    "max": 0.1403489069950028,
    "count": 3
  },
  "pos_normal": {
    "mean": 0.12738609858540595,
    "std": 0.004593464856329368,
    "min": 0.12372132824876908,
    "max": 0.1338635857832044,
    "count": 3
  }
}