{
  "error": {
    "mean": 0.12014718600540095,
    "std": 0.02406145994740948,
    "min": 0.08661059194771374,
    "max": 0.1723911609115489,
    "count": 8
  },
  "fix": {
    "mean": 0.1482869149822619,
    "std": 0.0636754893782276,
    "min": 0.10291487986470145,
    "max": 0.33446653788601,
    "count": 10
  },
  "neg_normal": {
    "mean": 0.11669115668169411,
    "std": 0.023422010036274154,
    "min": 0.06518835062109544,
    "max": 0.17158508054081914,
    "count": 23
  },
  "pos_normal": {
    "mean": 0.12492270885564391,
    "std": 0.043657528217508734,
    "min": 0.07761924542367227,
    "max": 0.33446653788601,
    "count": 30
  }
}