{
  "error": {
    "mean": 0.09578239246489469,
    "std": 0.020799144659245317,
    "min": 0.07498324780564937,
    "max": 0.11658153712414,
    "count": 2
  },
  "fix": {
    "mean": 0.11114022834770379,
    "std": 0.0140293834314653,
    "min": 0.10087292281085672,
    "max": 0.1353270183560072,
    "count": 4
  },
  "neg_normal": {
    "mean": null,
    "std": null,
    "min": null,
    "max": null,
    "count": 0
  },
  "pos_normal": {
    "mean": 0.12291719358232693,
    "std": 0.032215494770874445,
    "min": 0.08989067240015522,
    "max": 0.20437847729581235,
    "count": 18
  }
}