{
  "error": {
    "mean": 0.13123471084280083,
    "std": 0.018185931207452037,
    "min": 0.10339184500961691,
    "max": 0.15403027792148358,
    "count": 4
  },
  "fix": {
    "mean": 0.11944229915902195,
    "std": 0.01053232557412928,
    "min": 0.10536942216788837,
    "max": 0.138324518106815,
    "count": 6
  },
  "neg_normal": {
    "mean": 0.1302633076768495,
    "std": 0.04756963147772314,
    "min": 0.09199434665173474,
    "max": 0.35116829088301227,
    "count": 33
  },
  "pos_normal": {
    "mean": 0.12842511996913503,
    "std": 0.022389443089670724,
    "min": 0.08927232418044684,
    "max": 0.15988873444885435,
    "count": 34
  }
}