{
  "error": {
    "mean": 0.14392609260675843,
    "std": 0.05161547668453667,
    "min": 0.08379276026421949,
    "max": 0.2374803712401401,
    "count": 5
  },
  "fix": {
    "mean": 0.1107142660382096,
    "std": 0.00770988979164438,
    "min": 0.10043231336857228,
    "max": 0.11899764398222096,
    "count": 3
  },
  "neg_normal": {
    "mean": 0.13036627529738495,
    "std": 0.05127576080262784,
    "min": 0.08882974651903007,
    "max": 0.2869373364627804,
    "count": 19
  },
  "pos_normal": {
    "mean": 0.1305021311214783,
    "std": 0.03181844660478761,
    "min": 0.08627771150086902,
    "max": 0.2299311286852367,
    "count": 38
  }
}