{
  "error": {
    "mean": 0.10066669994403488,
    "std": 0.002202238646981415,
    "min": 0.09846446129705345,
    "max": 0.10286893859101628,
    "count": 2
  },
  "fix": {
    "mean": 0.12272309134611972,
    "std": 0.004409355075263056,
    "min": 0.11831373627085666,
    "max": 0.12713244642138277,
    "count": 2
  },
  "neg_normal": {
    "mean": 0.11975633681411146,
    "std": 0.021747189718976153,
    "min": 0.07663357840871433,
    "max": 0.16757526390965014,
    "count": 25
  },
  "pos_normal": {
    "mean": 0.12090134684757119,
    "std": 0.019319530461041384,
    "min": 0.08138398403502098,
    "max": 0.16016430199625803,
    "count": 40
  }
}