{
  "error": {
    "mean": 0.10910612871970828,
    "std": 0.01490670222905318,
    "min": 0.09247647354931807,
    "max": 0.1303252771383065,
    "count": 13
  },
  "fix": {
    "mean": 0.11560519214360003,
    "std": 0.022157398765655076,
    "min": 0.08928277320288898,
    "max": 0.14278023125043043,
    "count": 12
  },
  "neg_normal": {
    "mean": 0.1359239886599806,
    "std": 0.05075913326526908,
    "min": 0.08472504387205408,
    "max": 0.32842093201795913,
    "count": 46
  },
  "pos_normal": {
    "mean": 0.11548263222497253,
    "std": 0.020195844841258036,
    "min": 0.08928277320288898,
    "max": 0.15041177580258597,
    "count": 28
  }
}