{
  "gsm_700_731": {
    "error_regions": {
      "mean": 1.107065949443051,
      "std": 0.1901295781728825,
      "count": 39
    },
    "fix_regions": {
      "mean": 1.1559106837947046,
      "std": 0.175661322068882,
      "count": 38
    },
    "neg_normal_regions": {
      "mean": null,
      "std": null,
      "count": 0
    },
    "pos_normal_regions": {
      "mean": null,
      "std": null,
      "count": 0
    }
  },
  "gsm_901_950": {
    "error_regions": {
      "mean": 1.1523415068155687,
      "std": 0.1979538292328828,
      "count": 13
    },
    "fix_regions": {
      "mean": 1.0583319535524358,
      "std": 0.12421702013471458,
      "count": 13
    },
    "neg_normal_regions": {
      "mean": null,
      "std": null,
      "count": 0
    },
    "pos_normal_regions": {
      "mean": null,
      "std": null,
      "count": 0
    }
  },
  "algebra_level_3": {
    "error_regions": {
      "mean": 1.0596004492774769,
      "std": 0.13728646941112033,
      "count": 7
    },
    "fix_regions": {
      "mean": 1.1132086244964543,
      "std": 0.11964797762996983,
      "count": 5
    },
    "neg_normal_regions": {
      "mean": null,
      "std": null,
      "count": 0
    },
    "pos_normal_regions": {
      "mean": null,
      "std": null,
      "count": 0
    }
  },
  "algebra_level_4": {
    "error_regions": {
      "mean": 1.0685927090149943,
      "std": 0.1705448338891134,
      "count": 14
    },
    "fix_regions": {
      "mean": 1.02784519893556,
      "std": 0.14906897607983016,
      "count": 15
    },
    "neg_normal_regions": {
      "mean": null,
      "std": null,
      "count": 0
    },
    "pos_normal_regions": {
      "mean": null,
      "std": null,
      "count": 0
    }
  },
  "algebra_level_5": {
    "error_regions": {
      "mean": 1.0843133606122488,
      "std": 0.17408908395514242,
      "count": 16
    },
    "fix_regions": {
      "mean": 1.0887197827639035,
      "std": 0.18090000869072678,
      "count": 14
    },
    "neg_normal_regions": {
      "mean": null,
      "std": null,
      "count": 0
    },
    "pos_normal_regions": {
      "mean": null,
      "std": null,
      "count": 0
    }
  }
}