{
  "error": {
    "mean": 1.7673986807103002,
    "std": 0.0,
    "min": 1.7673986807103002,
    "max": 1.7673986807103002,
    "count": 1
  },
  "fix": {
    "mean": 1.7237487904001432,
    "std": 0.0,
    "min": 1.7237487904001432,
    "max": 1.7237487904001432,
    "count": 1
  },
  "neg_normal": {
    "mean": 1.236710064145177,
    "std": 0.1389785611211258,
    "min": 1.0406532530276147,
    "max": 1.3467324593553271,
    "count": 3
  },
  "pos_normal": {
    "mean": 1.2453674332165057,
    "std": 0.1765916827165477,
    "min": 1.0689022092269829,
    "max": 1.4866423666414468,
    "count": 3
  }
}