{
  "error": {
    "mean": 1.2950946841752842,
    "std": 0.1161737172977226,
    "min": 1.1363088881387486,
    "max": 1.419190823111103,
    "count": 4
  },
  "fix": {
    "mean": 1.3428026254948464,
    "std": 0.23179097521752048,
    "min": 1.0360648972603255,
    "max": 1.6215060631039746,
    "count": 7
  },
  "neg_normal": {
    "mean": 1.4576903507154562,
    "std": 0.22889056872069,
    "min": 1.0496227879719193,
    "max": 1.8295668046049554,
    "count": 13
  },
  "pos_normal": {
    "mean": 1.2667192209673934,
    "std": 0.14976505773672247,
    "min": 1.0479591661829348,
    "max": 1.5462200219239666,
    "count": 15
  }
}