{
  "error": {
    "mean": 1.5706117835295674,
    "std": 0.40568578765670354,
    "min": 1.2418202101091036,
    "max": 2.242739122073637,
    "count": 4
  },
  "fix": {
    "mean": 1.40833867598612,
    "std": 0.370953496303287,
    "min": 1.0053142403394981,
    "max": 1.9522372751140564,
    "count": 6
  },
  "neg_normal": {
    "mean": 1.4424061701200348,
    "std": 0.33009139873309573,
    "min": 0.9960962875837713,
    "max": 2.178575880877346,
    "count": 33
  },
  "pos_normal": {
    "mean": 1.3478976743764643,
    "std": 0.3725420384484766,
    "min": 0.9069485425719792,
    "max": 2.131866365767306,
    "count": 34
  }
}