{
  "error": {
    "mean": 1.130698533915961,
    "std": 0.20842422325404159,
    "min": 0.8866927562102304,
    "max": 1.5132509543720034,
    "count": 5
  },
  "fix": {
    "mean": 1.3173546182610325,
    "std": 0.24734008946840697,
    "min": 1.0680628134046848,
    "max": 1.654499642595528,
    "count": 3
  },
  "neg_normal": {
    "mean": 1.2764901982771475,
    "std": 0.2703955139382416,
    "min": 0.8011431613070686,
    "max": 1.9656654542334921,
    "count": 19
  },
  "pos_normal": {
    "mean": 1.427939618996822,
    "std": 0.2972605434561272,
    "min": 0.9601136852258861,
    "max": 2.042472038243058,
    "count": 38
  }
}