{
  "error": {
    "mean": 1.4505329524046993,
    "std": 0.1778295622713333,
    "min": 1.2738419153226979,
    "max": 1.6938631085314495,
    "count": 3
  },
  "fix": {
    "mean": 1.131301080940132,
    "std": 0.1504546714575504,
    "min": 0.9990595071972562,
    "max": 1.3795972154128107,
    "count": 4
  },
  "neg_normal": {
    "mean": 1.2546077569383038,
    "std": 0.14147919780139365,
    "min": 1.0368507031675875,
    "max": 1.570736661082502,
    "count": 10
  },
  "pos_normal": {
    "mean": 1.183665107403712,
    "std": 0.21759220071386162,
    "min": 0.8761825935837612,
    "max": 1.6476278834518339,
    "count": 26
  }
}