{
  "error": {
    "mean": 1.236027350764182,
    "std": 0.24027701680730384,
    "min": 0.7871377659762169,
    "max": 1.505544776848248,
    "count": 13
  },
  "fix": {
    "mean": 1.2412652675572555,
    "std": 0.16135065758800748,
    "min": 0.9643467515113845,
    "max": 1.5170610978816987,
    "count": 12
  },
  "neg_normal": {
    "mean": 60704158.262038015,
    "std": 284727734.6061956,
    "min": 0.9186009853496008,
    "max": 1396195611.9177608,
    "count": 46
  },
  "pos_normal": {
    "mean": 1.243294553264898,
    "std": 0.21901264186707226,
    "min": 0.8397629151110753,
    "max": 1.7481771995391193,
    "count": 28
  }
}