{
  "error": {
    "mean": 32.0,
    "std": 0.0,
    "min": 32.0,
    "max": 32.0,
    "count": 1
  },
  "fix": {
    "mean": 32.0,
    "std": 0.0,
    "min": 32.0,
    "max": 32.0,
    "count": 1
  },
  "neg_normal": {
    "mean": 18.666666666666668,
    "std": 0.4714045207910317,
    "min": 18.0,
    "max": 19.0,
    "count": 3
  },
  "pos_normal": {
    "mean": 18.666666666666668,
    "std": 0.4714045207910317,
    "min": 18.0,
    "max": 19.0,
    "count": 3
  }
}