{
  "error": {
    "mean": 23.625,
    "std": 7.192661190407901,
    "min": 11.0,
    "max": 33.0,
    "count": 8
  },
  "fix": {
    "mean": 19.2,
    "std": 5.723635208501674,
    "min": 5.0,
    "max": 29.0,
    "count": 10
  },
  "neg_normal": {
    "mean": 26.391304347826086,
    "std": 11.638538420246174,
    "min": 10.0,
    "max": 56.0,
    "count": 23
  },
  "pos_normal": {
    "mean": 21.466666666666665,
    "std": 8.476372389701204,
    "min": 5.0,
    "max": 51.0,
    "count": 30
  }
}