{
  "error": {
    "mean": 19.2,
    "std": 8.084553172563094,
    "min": 7.0,
    "max": 32.0,
    "count": 5
  },
  "fix": {
    "mean": 33.666666666666664,
    "std": 3.091206165165235,
    "min": 31.0,
    "max": 38.0,
    "count": 3
  },
  "neg_normal": {
    "mean": 29.94736842105263,
    "std": 14.80566635557775,
    "min": 4.0,
    "max": 68.0,
    "count": 19
  },
  "pos_normal": {
    "mean": 24.342105263157894,
    "std": 9.600647773620809,
    "min": 6.0,
    "max": 57.0,
    "count": 38
  }
}