{
  "error": {
    "mean": 31.666666666666668,
    "std": 14.42990721460891,
    "min": 20.0,
    "max": 52.0,
    "count": 3
  },
  "fix": {
    "mean": 36.5,
    "std": 10.874281585465774,
    "min": 21.0,
    "max": 49.0,
    "count": 4
  },
  "neg_normal": {
    "mean": 30.2,
    "std": 19.46175737183053,
    "min": 10.0,
    "max": 73.0,
    "count": 10
  },
  "pos_normal": {
    "mean": 27.692307692307693,
    "std": 11.74985836500309,
    "min": 10.0,
    "max": 49.0,
    "count": 26
  }
}