{
  "error": {
    "mean": 28.53846153846154,
    "std": 7.05598910490377,
    "min": 16.0,
    "max": 38.0,
    "count": 13
  },
  "fix": {
    "mean": 25.5,
    "std": 3.5237290853109955,
    "min": 21.0,
    "max": 31.0,
    "count": 12
  },
  "neg_normal": {
    "mean": 22.630434782608695,
    "std": 8.770897271168947,
    "min": 3.0,
    "max": 42.0,
    "count": 46
  },
  "pos_normal": {
    "mean": 24.571428571428573,
    "std": 9.100347604933134,
    "min": 10.0,
    "max": 44.0,
    "count": 28
  }
}