{
  "error": {
    "mean": 0.000506175819183956,
    "std": 0.00030399215409335814,
    "min": 0.0002313832817052298,
    "max": 0.0010055344073449358,
    "count": 4
  },
  "fix": {
    "mean": 0.0008900017247196442,
    "std": 0.00035466733619145,
    "min": 0.0005065687945252986,
    "max": 0.001353337395002577,
    "count": 7
  },
  "neg_normal": {
    "mean": 0.07893048663414191,
    "std": 0.26590618390307796,
    "min": 0.0002904761230774653,
    "max": 1.0,
    "count": 13
  },
  "pos_normal": {
    "mean": 0.0020506894678910354,
    "std": 0.003003828170623484,
    "min": 0.00025515191763130944,
    "max": 0.012733253183372173,
    "count": 15
  }
}