{
  "error": {
    "mean": 0.0010185775785476231,
    "std": 0.0008282718195226118,
    "min": 0.000462910663790491,
    "max": 0.003116442535631767,
    "count": 8
  },
  "fix": {
    "mean": 0.10069118159647172,
    "std": 0.29976963268763474,
    "min": 0.00048197938310705357,
    "max": 1.0,
    "count": 10
  },
  "neg_normal": {
    "mean": 0.0009224338670613122,
    "std": 0.00085038609351331,
    "min": 0.00016707868881585418,
    "max": 0.003027165728048567,
    "count": 23
  },
  "pos_normal": {
    "mean": 0.03420811173007253,
    "std": 0.17934373517930866,
    "min": 0.00022907663576166338,
    "max": 1.0,
    "count": 30
  }
}