{
  "error": {
    "mean": 0.0005833631979950275,
    "std": 0.000246111651789328,
    "min": 0.00030664272485556493,
    "max": 0.0012200340513355942,
    "count": 13
  },
  "fix": {
    "mean": 0.0008419141583392453,
    "std": 0.00025867440274978797,
    "min": 0.0005604569474452702,
    "max": 0.0011678714720354017,
    "count": 12
  },
  "neg_normal": {
    "mean": 0.08761672931113625,
    "std": 0.28156769455003655,
    "min": 0.0003004057570847656,
    "max": 1.0,
    "count": 46
  },
  "pos_normal": {
    "mean": 0.0010573331909538,
    "std": 0.0008345513014606763,
    "min": 0.00040487998112521826,
    "max": 0.0029376669695825733,
    "count": 28
  }
}