{
  "error": {
    "mean": 0.0006235760803421977,
    "std": 0.00046314890788858075,
    "min": 0.00023027097811776466,
    "max": 0.0012738184116972552,
    "count": 3
  },
  "fix": {
    "mean": 0.505772472849381,
    "std": 0.494227527150619,
    "min": 0.01154494569876198,
    "max": 1.0,
    "count": 2
  },
  "neg_normal": {
    "mean": 0.015315272870974334,
    "std": 0.11941168909093462,
    "min": 0.0001779193797079285,
    "max": 1.0,
    "count": 69
  },
  "pos_normal": {
    "mean": null,
    "std": null,
    "min": null,
    "max": null,
    "count": 0
  }
}