{
  "error": {
    "mean": 10.688686935480206,
    "std": 0.0,
    "min": 10.688686935480206,
    "max": 10.688686935480206,
    "count": 1
  },
  "fix": {
    "mean": 10.872153134327501,
    "std": 0.0,
    "min": 10.872153134327501,
    "max": 10.872153134327501,
    "count": 1
  },
  "neg_normal": {
    "mean": 9.141772300342046,
    "std": 0.2928973797651157,
    "min": 8.728364783551708,
    "max": 9.370925588929191,
    "count": 3
  },
  "pos_normal": {
    "mean": 9.562442542971743,
    "std": 0.5412192061755808,
    "min": 8.798757078355422,
    "max": 9.988621795782825,
    "count": 3
  }
}