{
  "error": {
    "mean": 9.445257927404779,
    "std": 0.2144159506918131,
    "min": 9.159464540755577,
    "max": 9.657473618583703,
    "count": 4
  },
  "fix": {
    "mean": 9.437662165998777,
    "std": 0.2991268271324,
    "min": 9.08684495312653,
    "max": 9.847931055403814,
    "count": 7
  },
  "neg_normal": {
    "mean": 9.845473666326098,
    "std": 0.6928810683063011,
    "min": 8.694460068304075,
    "max": 11.013640699231283,
    "count": 13
  },
  "pos_normal": {
    "mean": 9.773399342771146,
    "std": 0.5607666392981936,
    "min": 8.86279921471907,
    "max": 11.013640699231283,
    "count": 15
  }
}