{
  "error": {
    "mean": 9.973797323437607,
    "std": 0.6071557479119836,
    "min": 9.366641575525623,
    "max": 10.58095307134959,
    "count": 2
  },
  "fix": {
    "mean": 9.430627439719112,
    "std": 0.6193966474038909,
    "min": 8.736392443765409,
    "max": 10.43318220508104,
    "count": 4
  },
  "neg_normal": {
    "mean": null,
    "std": null,
    "min": null,
    "max": null,
    "count": 0
  },
  "pos_normal": {
    "mean": 9.476658246061149,
    "std": 0.4488943603493083,
    "min": 8.736392443765409,
    "max": 10.43318220508104,
    "count": 18
  }
}