{
  "error": {
    "mean": 9.379164512775654,
    "std": 1.2685501675813575,
    "min": 7.186312536002581,
    "max": 10.605742453769269,
    "count": 5
  },
  "fix": {
    "mean": 9.840741320848922,
    "std": 0.5837200228379426,
    "min": 9.125581870063286,
    "max": 10.555397813277741,
    "count": 3
  },
  "neg_normal": {
    "mean": 10.357457313786478,
    "std": 0.9290895052081984,
    "min": 7.611083603476455,
    "max": 12.494167303051059,
    "count": 19
  },
  "pos_normal": {
    "mean": 9.734605408717455,
    "std": 0.5825615353234589,
    "min": 8.820088853876591,
    "max": 11.593088005857824,
    "count": 38
  }
}