{
  "error": {
    "mean": 10.080789921373132,
    "std": 0.4031503708272031,
    "min": 9.108245344429793,
    "max": 10.68428926169026,
    "count": 13
  },
  "fix": {
    "mean": 8.769425120485721,
    "std": 0.4894676383387403,
    "min": 7.506938831285924,
    "max": 9.244936872794728,
    "count": 12
  },
  "neg_normal": {
    "mean": 10.006651355197588,
    "std": 0.9483540861409836,
    "min": 7.0972794780857695,
    "max": 12.14621834650905,
    "count": 46
  },
  "pos_normal": {
    "mean": 9.592229669486189,
    "std": 0.7218049517143049,
    "min": 8.36684649716213,
    "max": 10.808080412848666,
    "count": 28
  }
}