{
  "error": {
    "mean": 8.978148989240923,
    "std": 2.0385667875284614,
    "min": 6.139016842056202,
    "max": 10.831452666619114,
    "count": 3
  },
  "fix": {
    "mean": 10.539132029470265,
    "std": 0.0,
    "min": 10.539132029470265,
    "max": 10.539132029470265,
    "count": 2
  },
  "neg_normal": {
    "mean": 9.77224600408756,
    "std": 0.5828892564566538,
    "min": 8.692252170435715,
    "max": 11.174846330863758,
    "count": 28
  },
  "pos_normal": {
    "mean": null,
    "std": null,
    "min": null,
    "max": null,
    "count": 0
  }
}