{
  "error": {
    "mean": 11.099978234171802,
    "std": 0.0,
    "min": 11.099978234171802,
    "max": 11.099978234171802,
    "count": 1
  },
  "fix": {
    "mean": 10.94589605640091,
    "std": 0.0,
    "min": 10.94589605640091,
    "max": 10.94589605640091,
    "count": 1
  },
  "neg_normal": {
    "mean": 10.017363176141723,
    "std": 0.7373205481965861,
    "min": 8.98346465932997,
    "max": 10.651584677172238,
    "count": 3
  },
  "pos_normal": {
    "mean": 10.331255967435277,
    "std": 0.9487242349464277,
    "min": 9.09767417330843,
    "max": 11.4050189411742,
    "count": 3
  }
}