{
  "error": {
    "mean": 8.720726853895727,
    "std": 0.7212659635752995,
    "min": 7.617940508514525,
    "max": 9.562120861181482,
    "count": 4
  },
  "fix": {
    "mean": 10.166630765739646,
    "std": 0.3123297119651558,
    "min": 9.867955882906251,
    "max": 10.581645042424906,
    "count": 7
  },
  "neg_normal": {
    "mean": 10.797857403386569,
    "std": 1.439803886128149,
    "min": 8.928190982974685,
    "max": 14.692005770166157,
    "count": 13
  },
  "pos_normal": {
    "mean": 10.624069105263837,
    "std": 1.0769614690437432,
    "min": 9.617371763875449,
    "max": 13.927545407291932,
    "count": 15
  }
}