{
  "error": {
    "mean": 10.01453271380031,
    "std": 1.3857324300136966,
    "min": 8.628800283786614,
    "max": 11.400265143814007,
    "count": 2
  },
  "fix": {
    "mean": 8.945078181818237,
    "std": 1.2556606375722592,
    "min": 7.68952720321325,
    "max": 10.224097303614895,
    "count": 4
  },
  "neg_normal": {
    "mean": null,
    "std": null,
    "min": null,
    "max": null,
    "count": 0
  },
  "pos_normal": {
    "mean": 10.439730145135472,
    "std": 0.6586762179464892,
    "min": 8.840056541860761,
    "max": 11.29478931186141,
    "count": 18
  }
}