{
  "error": {
    "mean": 10.370455156546377,
    "std": 1.130917428965426,
    "min": 8.937546927005645,
    "max": 12.103027959326432,
    "count": 4
  },
  "fix": {
    "mean": 10.01635031818407,
    "std": 1.208925795305922,
    "min": 7.885942020962399,
    "max": 11.441079438648616,
    "count": 6
  },
  "neg_normal": {
    "mean": 9.846982803537903,
    "std": 1.1345170270659402,
    "min": 7.9506637217442515,
    "max": 12.550033418890141,
    "count": 33
  },
  "pos_normal": {
    "mean": 9.740028186835197,
    "std": 1.3262224312944346,
    "min": 7.674697487119171,
    "max": 12.7889288820447,
    "count": 34
  }
}