{
  "error": {
    "mean": 9.21335193147164,
    "std": 2.286485466689578,
    "min": 5.997218563608608,
    "max": 11.111915266265903,
    "count": 3
  },
  "fix": {
    "mean": 13.577017729058856,
    "std": 1.323793417498492,
    "min": 12.253224311560363,
    "max": 14.900811146557347,
    "count": 2
  },
  "neg_normal": {
    "mean": 7.277289663329129,
    "std": 2.400313726174329,
    "min": 4.0523799083869685,
    "max": 12.542890843518233,
    "count": 69
  },
  "pos_normal": {
    "mean": null,
    "std": null,
    "min": null,
    "max": null,
    "count": 0
  }
}