{
  "error": {
    "mean": 12.024440177477194,
    "std": 1.9559897318154358,
    "min": 9.512143162894567,
    "max": 14.283143685424605,
    "count": 3
  },
  "fix": {
    "mean": 11.45974474263444,
    "std": 0.0,
    "min": 11.45974474263444,
    "max": 11.45974474263444,
    "count": 2
  },
  "neg_normal": {
    "mean": 10.123442693795257,
    "std": 1.3480596625948058,
    "min": 6.503961585964776,
    "max": 12.568685966009923,
    "count": 28
  },
  "pos_normal": {
    "mean": null,
    "std": null,
    "min": null,
    "max": null,
    "count": 0
  }
}