{
  "error": {
    "mean": 14.593033964614914,
    "std": 0.7930477786056653,
    "min": 13.667329609142264,
    "max": 15.845983229829248,
    "count": 4
  },
  "fix": {
    "mean": 11.850210008286295,
    "std": 1.7736062905494472,
    "min": 9.265986385025682,
    "max": 14.196788789633574,
    "count": 7
  },
  "neg_normal": {
    "mean": 13.370444590160854,
    "std": 4.249320168830792,
    "min": 6.7363286421032225,
    "max": 21.79123961460749,
    "count": 13
  },
  "pos_normal": {
    "mean": 11.437535333125346,
    "std": 4.165455709774724,
    "min": 7.097942449072088,
    "max": 21.547428029566937,
    "count": 15
  }
}