{
  "error": {
    "mean": 11.337880128306683,
    "std": 3.030977105701905,
    "min": 4.819724450029854,
    "max": 15.195315826664302,
    "count": 8
  },
  "fix": {
    "mean": 12.502880722630866,
    "std": 2.077539717073446,
    "min": 8.715449817221552,
    "max": 16.346268592929864,
    "count": 10
  },
  "neg_normal": {
    "mean": 13.70689512300188,
    "std": 2.715305669366096,
    "min": 10.097309410620886,
    "max": 19.588469125627913,
    "count": 23
  },
  "pos_normal": {
    "mean": 12.409758011306785,
    "std": 2.51498798134768,
    "min": 7.89873476751848,
    "max": 19.443098933960883,
    "count": 30
  }
}