{
  "error": {
    "mean": 19.01342992577932,
    "std": 0.7745276838093726,
    "min": 18.23890224196995,
    "max": 19.787957609588695,
    "count": 2
  },
  "fix": {
    "mean": 13.752551601372964,
    "std": 3.5958270097561775,
    "min": 8.38266876234762,
    "max": 18.51711227016739,
    "count": 4
  },
  "neg_normal": {
    "mean": null,
    "std": null,
    "min": null,
    "max": null,
    "count": 0
  },
  "pos_normal": {
    "mean": 11.34099726717948,
    "std": 2.6048556331767707,
    "min": 6.8370809855173516,
    "max": 18.51711227016739,
    "count": 18
  }
}