{
  "error": {
    "mean": 15.703259906630063,
    "std": 3.7894995396680122,
    "min": 11.762998279658905,
    "max": 20.44988075006661,
    "count": 4
  },
  "fix": {
    "mean": 15.916928036383704,
    "std": 3.8636142608445123,
    "min": 9.440037027461784,
    "max": 20.091036846638197,
    "count": 6
  },
  "neg_normal": {
    "mean": 14.318315127581087,
    "std": 3.239808498075996,
    "min": 6.693030400052217,
    "max": 21.057887618708495,
    "count": 33
  },
  "pos_normal": {
    "mean": 15.318347601600555,
    "std": 2.763820234452512,
    "min": 9.440037027461784,
    "max": 20.281257285469433,
    "count": 34
  }
}