{
  "error": {
    "mean": 11.424015592889464,
    "std": 4.531365193291066,
    "min": 4.927187261516568,
    "max": 19.100962643130046,
    "count": 5
  },
  "fix": {
    "mean": 17.034688711017278,
    "std": 1.2853403331058284,
    "min": 15.674802251506554,
    "max": 18.759228164579927,
    "count": 3
  },
  "neg_normal": {
    "mean": 13.607378724979592,
    "std": 3.8224004878610867,
    "min": 4.639406387416033,
    "max": 19.671824514557066,
    "count": 19
  },
  "pos_normal": {
    "mean": 13.940042653192405,
    "std": 3.3442040188556685,
    "min": 7.924999181011607,
    "max": 19.561093714534387,
    "count": 38
  }
}