{
  "error": {
    "mean": 14.83810973584275,
    "std": 3.7744750964998364,
    "min": 11.843507380798217,
    "max": 20.16219297307491,
    "count": 3
  },
  "fix": {
    "mean": 13.071988542853811,
    "std": 1.489568238413172,
    "min": 10.813022352535786,
    "max": 14.736892868301124,
    "count": 4
  },
  "neg_normal": {
    "mean": 13.02873460812151,
    "std": 3.5408136675025808,
    "min": 9.033915888874827,
    "max": 20.698439493720628,
    "count": 10
  },
  "pos_normal": {
    "mean": 14.129922586250444,
    "std": 2.9033807881085454,
    "min": 9.867206408171695,
    "max": 19.25825852553036,
    "count": 26
  }
}