{
  "error": {
    "mean": 13.464534256648834,
    "std": 2.1835236487178635,
    "min": 8.681413645510025,
    "max": 16.35142375832021,
    "count": 13
  },
  "fix": {
    "mean": 10.715733899181123,
    "std": 1.5006865314368392,
    "min": 9.10387804248332,
    "max": 13.3951468228582,
    "count": 12
  },
  "neg_normal": {
    "mean": 12.648797448766896,
    "std": 4.112947743745351,
    "min": 3.7007004371621495,
    "max": 20.031000340736913,
    "count": 46
  },
  "pos_normal": {
    "mean": 12.740192792468816,
    "std": 3.2785786418029743,
    "min": 8.175116828663525,
    "max": 18.598342993793715,
    "count": 28
  }
}