{
  "error": {
    "mean": 15.608759448171696,
    "std": 4.820412708874515,
    "min": 8.800188352858196,
    "max": 19.308151342531712,
    "count": 3
  },
  "fix": {
    "mean": 4.891293121068621,
    "std": 4.891293121068621,
    "min": 0.0,
    "max": 9.782586242137242,
    "count": 2
  },
  "neg_normal": {
    "mean": 15.149599289509732,
    "std": 3.34899020255787,
    "min": 3.692740093080845,
    "max": 20.79336894465803,
    "count": 69
  },
  "pos_normal": {
    "mean": null,
    "std": null,
    "min": null,
    "max": null,
    "count": 0
  }
}