{
  "error": {
    "mean": 8.875433836109165,
    "std": 6.754418502155949,
    "min": 0.0,
    "max": 16.37146068270865,
    "count": 3
  },
  "fix": {
    "mean": 17.016215749896098,
    "std": 0.0,
    "min": 17.016215749896098,
    "max": 17.016215749896098,
    "count": 2
  },
  "neg_normal": {
    "mean": 13.118748600694502,
    "std": 2.7934660679606376,
    "min": 8.70377356408909,
    "max": 19.26664609246744,
    "count": 28
  },
  "pos_normal": {
    "mean": null,
    "std": null,
    "min": null,
    "max": null,
    "count": 0
  }
}