{
  "error": {
    "mean": 9.560100822796104,
    "std": 0.9142605976880004,
    "min": 7.816480493003246,
    "max": 10.895528981116325,
    "count": 8
  },
  "fix": {
    "mean": 10.192515167905842,
    "std": 0.9709444153683017,
    "min": 8.049432971568777,
    "max": 11.959976029255522,
    "count": 10
  },
  "neg_normal": {
    "mean": 10.488431397074338,
    "std": 0.7137617872947044,
    "min": 8.770738987779502,
    "max": 11.764154333319844,
    "count": 23
  },
  "pos_normal": {
    "mean": 10.006087439261119,
    "std": 0.5913951222598234,
    "min": 8.049432971568777,
    "max": 11.102533346558998,
    "count": 30
  }
}