{
  "error": {
    "mean": 10.1921741735221,
    "std": 0.6927246775391704,
    "min": 9.441438538910859,
    "max": 11.314596194511596,
    "count": 4
  },
  "fix": {
    "mean": 10.237028599265038,
    "std": 0.7640959774962648,
    "min": 9.161101508681744,
    "max": 11.071078635569066,
    "count": 6
  },
  "neg_normal": {
    "mean": 9.856943911121363,
    "std": 0.7166536350212106,
    "min": 8.109310833698006,
    "max": 11.214499862456734,
    "count": 33
  },
  "pos_normal": {
    "mean": 10.114417121276388,
    "std": 0.6902642464785046,
    "min": 8.806824947475963,
    "max": 11.471228689141723,
    "count": 34
  }
}