{
  "error": {
    "mean": 9.24966554583237,
    "std": 0.14308303779746162,
    "min": 9.067213303032274,
    "max": 9.416671069981026,
    "count": 3
  },
  "fix": {
    "mean": 10.001338791980338,
    "std": 0.24060969344906472,
    "min": 9.748519291279354,
    "max": 10.331005453921396,
    "count": 4
  },
  "neg_normal": {
    "mean": 9.259174268391215,
    "std": 0.7192928504503864,
    "min": 7.904996955771497,
    "max": 10.797551161595916,
    "count": 10
  },
  "pos_normal": {
    "mean": 10.309494835350755,
    "std": 0.5684714394154966,
    "min": 9.63219973953357,
    "max": 11.997706553114847,
    "count": 26
  }
}