{
  "error": {
    "mean": 9.384406888146325,
    "std": 0.14429177036974927,
    "min": 9.240115117776575,
    "max": 9.528698658516074,
    "count": 2
  },
  "fix": {
    "mean": 9.793497185487825,
    "std": 0.01608330798283042,
    "min": 9.777413877504994,
    "max": 9.809580493470655,
    "count": 2
  },
  "neg_normal": {
    "mean": 9.726971050232022,
    "std": 0.5377703780606287,
    "min": 8.962882910034425,
    "max": 10.992881014336259,
    "count": 25
  },
  "pos_normal": {
    "mean": 10.134470687804491,
    "std": 0.7088414779019476,
    "min": 8.9302332116722,
    "max": 11.87025235914204,
    "count": 40
  }
}