{
  "error": {
    "mean": 9.594251154043898,
    "std": 0.7230500399845596,
    "min": 8.632944557130514,
    "max": 10.37676412276248,
    "count": 3
  },
  "fix": {
    "mean": 8.64688886494721,
    "std": 2.520276709167028,
    "min": 6.126612155780181,
    "max": 11.167165574114238,
    "count": 2
  },
  "neg_normal": {
    "mean": 8.860140782029209,
    "std": 0.6775749556247739,
    "min": 7.80210795670838,
    "max": 10.878271830449512,
    "count": 69
  },
  "pos_normal": {
    "mean": null,
    "std": null,
    "min": null,
    "max": null,
    "count": 0
  }
}