{
  "error": {
    "mean": 15.42843097207133,
    "std": 0.0,
    "min": 15.42843097207133,
    "max": 15.42843097207133,
    "count": 1
  },
  "fix": {
    "mean": 15.699687719374575,
    "std": 0.0,
    "min": 15.699687719374575,
    "max": 15.699687719374575,
    "count": 1
  },
  "neg_normal": {
    "mean": 13.303893492698053,
    "std": 0.4202646298293704,
    "min": 12.710296963483666,
    "max": 13.626496970090681,
    "count": 3
  },
  "pos_normal": {
    "mean": 13.917404748472563,
    "std": 0.7746713430321669,
    "min": 12.825779263870519,
    "max": 14.54346015771834,
    "count": 3
  }
}