{
  "error": {
    "mean": 13.574455913604531,
    "std": 0.3223092410642572,
    "min": 13.058195446882614,
    "max": 13.882280419417217,
    "count": 4
  },
  "fix": {
    "mean": 13.691801040252638,
    "std": 0.36146531510699864,
    "min": 13.252183892601273,
    "max": 14.168016998649911,
    "count": 7
  },
  "neg_normal": {
    "mean": 14.512235639749216,
    "std": 1.0654982094935297,
    "min": 13.102099114584387,
    "max": 16.580508468598257,
    "count": 13
  },
  "pos_normal": {
    "mean": 14.302658736984636,
    "std": 0.8863451395870634,
    "min": 13.201943055146714,
    "max": 16.42106632905629,
    "count": 15
  }
}