{
  "error": {
    "mean": 14.451372499141172,
    "std": 1.0190596454310992,
    "min": 13.432312853710073,
    "max": 15.470432144572271,
    "count": 2
  },
  "fix": {
    "mean": 13.607640829842945,
    "std": 0.8466420056825431,
    "min": 12.815546283427542,
    "max": 15.035189727851167,
    "count": 4
  },
  "neg_normal": {
    "mean": null,
    "std": null,
    "min": null,
    "max": null,
    "count": 0
  },
  "pos_normal": {
    "mean": 13.793993600420162,
    "std": 0.5529438983369723,
    "min": 12.815546283427542,
    "max": 15.035189727851167,
    "count": 18
  }
}