{
  "error": {
    "mean": 14.821170064685148,
    "std": 1.0656461895769365,
    "min": 13.82759708585802,
    "max": 16.614872922368882,
    "count": 4
  },
  "fix": {
    "mean": 14.82973356521505,
    "std": 1.1483763740348119,
    "min": 13.192557373057657,
    "max": 15.968986712297013,
    "count": 6
  },
  "neg_normal": {
    "mean": 14.336839017829023,
    "std": 0.965210142031655,
    "min": 12.700112891495419,
    "max": 16.49284623800114,
    "count": 33
  },
  "pos_normal": {
    "mean": 14.60907012702912,
    "std": 1.0104387847703487,
    "min": 12.963712903237733,
    "max": 16.85809444470255,
    "count": 34
  }
}