{
  "error": {
    "mean": 13.544937555466813,
    "std": 0.2642206270317864,
    "min": 13.280716928435027,
    "max": 13.8091581824986,
    "count": 2
  },
  "fix": {
    "mean": 14.218089728693986,
    "std": 0.008962572845585548,
    "min": 14.209127155848401,
    "max": 14.227052301539572,
    "count": 2
  },
  "neg_normal": {
    "mean": 14.092729311084788,
    "std": 0.7517830195801498,
    "min": 12.951292484495001,
    "max": 15.79175588081424,
    "count": 25
  },
  "pos_normal": {
    "mean": 14.681908972968108,
    "std": 1.0363565191709896,
    "min": 13.051278073250682,
    "max": 17.25816970974823,
    "count": 40
  }
}