{
  "error": {
    "mean": 14.548945420204445,
    "std": 0.5747255536484326,
    "min": 13.077866403143723,
    "max": 15.38716859018352,
    "count": 13
  },
  "fix": {
    "mean": 12.652751427122764,
    "std": 0.6983735606348171,
    "min": 10.820693272498213,
    "max": 13.327455987428621,
    "count": 12
  },
  "neg_normal": {
    "mean": 14.615178310555663,
    "std": 1.075886182946636,
    "min": 12.295515402762879,
    "max": 17.725727084307128,
    "count": 46
  },
  "pos_normal": {
    "mean": 13.93274161970277,
    "std": 1.183891275355376,
    "min": 12.201304115323625,
    "max": 16.111150394373276,
    "count": 28
  }
}