{
  "error": {
    "mean": 14.466938617337368,
    "std": 1.8820214884998063,
    "min": 12.278033684112405,
    "max": 16.872699102586243,
    "count": 3
  },
  "fix": {
    "mean": 15.304372724500615,
    "std": 0.0,
    "min": 15.304372724500615,
    "max": 15.304372724500615,
    "count": 2
  },
  "neg_normal": {
    "mean": 14.137291037484303,
    "std": 0.8382682012481932,
    "min": 12.719205692706172,
    "max": 16.138974697380828,
    "count": 28
  },
  "pos_normal": {
    "mean": null,
    "std": null,
    "min": null,
    "max": null,
    "count": 0
  }
}