{
  "error": {
    "mean": 0.00039391183623097654,
    "std": 0.0,
    "min": 0.00039391183623097654,
    "max": 0.00039391183623097654,
    "count": 1
  },
  "fix": {
    "mean": 0.0003833634923854302,
    "std": 0.0,
    "min": 0.0003833634923854302,
    "max": 0.0003833634923854302,
    "count": 1
  },
  "neg_normal": {
    "mean": 0.0010853656462657092,
    "std": 0.00017581025848834302,
    "min": 0.0009398099662713356,
    "max": 0.0013327116062064831,
    "count": 3
  },
  "pos_normal": {
    "mean": 0.000993865256759113,
    "std": 0.0001701312478593589,
    "min": 0.0008382060701560283,
    "max": 0.0012305804235619125,
    "count": 3
  }
}