{
  "error": {
    "mean": 0.0005680817881639979,
    "std": 0.0003103355165953695,
    "min": 0.0002577462715686284,
    "max": 0.0008784173047593674,
    "count": 2
  },
  "fix": {
    "mean": 0.0007105731690597231,
    "std": 0.0004734001161872174,
    "min": 0.0003869340800302046,
    "max": 0.0015287459192086903,
    "count": 4
  },
  "neg_normal": {
    "mean": null,
    "std": null,
    "min": null,
    "max": null,
    "count": 0
  },
  "pos_normal": {
    "mean": 0.0014139001649766422,
    "std": 0.0015986467331765418,
    "min": 0.0003869340800302046,
    "max": 0.005868140662973261,
    "count": 18
  }
}