{
  "error": {
    "mean": 0.000865177363348059,
    "std": 0.0003965729363333292,
    "min": 0.00022760283825321533,
    "max": 0.001274633675307192,
    "count": 4
  },
  "fix": {
    "mean": 0.0007150048234324005,
    "std": 0.0002949857096786328,
    "min": 0.0003142192703913151,
    "max": 0.001097175676428194,
    "count": 6
  },
  "neg_normal": {
    "mean": 0.06133377018459722,
    "std": 0.23842166131066075,
    "min": 0.0003840078729082779,
    "max": 1.0,
    "count": 33
  },
  "pos_normal": {
    "mean": 0.0007302908323930122,
    "std": 0.0004301738353742332,
    "min": 0.0002161211931248348,
    "max": 0.0018546578906639567,
    "count": 34
  }
}