{
  "error": {
    "mean": 0.0033745880812321577,
    "std": 0.005064692705454801,
    "min": 0.0004139856943238532,
    "max": 0.013485830163082354,
    "count": 5
  },
  "fix": {
    "mean": 0.0004399866341949403,
    "std": 1.2312586934858188e-05,
    "min": 0.0004232585194697131,
    "max": 0.0004525372568379943,
    "count": 3
  },
  "neg_normal": {
    "mean": 0.05354451378108636,
    "std": 0.2230885937902941,
    "min": 0.00021492427301163835,
    "max": 1.0,
    "count": 19
  },
  "pos_normal": {
    "mean": 0.0012514578049192965,
    "std": 0.0019145196010343414,
    "min": 0.0002308938886808235,
    "max": 0.009242229225318782,
    "count": 38
  }
}