{
  "error": {
    "mean": 0.0007023942030484868,
    "std": 0.00028738322104467426,
    "min": 0.00030873007546481843,
    "max": 0.0009867196357168258,
    "count": 3
  },
  "fix": {
    "mean": 0.00045183401018861224,
    "std": 0.00020032134709622337,
    "min": 0.00026228371210958455,
    "max": 0.000784082261944871,
    "count": 4
  },
  "neg_normal": {
    "mean": 0.0010198873360945271,
    "std": 0.0007838030788869714,
    "min": 0.0001920359637059806,
    "max": 0.0030066034452728816,
    "count": 10
  },
  "pos_normal": {
    "mean": 0.0007778429943632116,
    "std": 0.0006905329554789002,
    "min": 0.0002511456593915369,
    "max": 0.0030066034452728816,
    "count": 26
  }
}