{
  "error": {
    "mean": 0.0006104365432288705,
    "std": 0.00012319582410005427,
    "min": 0.00048724071912881623,
    "max": 0.0007336323673289248,
    "count": 2
  },
  "fix": {
    "mean": 0.0008933764217901692,
    "std": 4.930459444910676e-05,
    "min": 0.0008440718273410624,
    "max": 0.0009426810162392759,
    "count": 2
  },
  "neg_normal": {
    "mean": 0.0008269713951071205,
    "std": 0.00037841103590666793,
    "min": 0.000257869298804199,
    "max": 0.001714943463646868,
    "count": 25
  },
  "pos_normal": {
    "mean": 0.0007663219012154142,
    "std": 0.0003119180728323141,
    "min": 0.0002517302639369867,
    "max": 0.0014288612271639504,
    "count": 40
  }
}