{
  "error": {
    "mean": 0.33741985366209604,
    "std": 0.4685395640945157,
    "min": 0.00024361519224701134,
    "max": 1.0,
    "count": 3
  },
  "fix": {
    "mean": 0.000605705025389109,
    "std": 0.0,
    "min": 0.000605705025389109,
    "max": 0.000605705025389109,
    "count": 2
  },
  "neg_normal": {
    "mean": 0.0007783540818837683,
    "std": 0.00038912677250226956,
    "min": 0.0002843519009448486,
    "max": 0.0016832482836681851,
    "count": 28
  },
  "pos_normal": {
    "mean": null,
    "std": null,
    "min": null,
    "max": null,
    "count": 0
  }
}