{
  "error": {
    "mean": 2.184330278352476,
    "std": 0.23556572020595182,
    "min": 1.957637710719721,
    "max": 2.5187718362229647,
    "count": 4
  },
  "fix": {
    "mean": 2.0445581821986,
    "std": 0.23828553466893626,
    "min": 1.9066185530582196,
    "max": 2.6057899304085894,
    "count": 7
  },
  "neg_normal": {
    "mean": 2.6196851547976245,
    "std": 0.803352623928325,
    "min": 1.5213849865488267,
    "max": 4.14377392021159,
    "count": 13
  },
  "pos_normal": {
    "mean": 2.184367478931364,
    "std": 0.7551318086840795,
    "min": 1.6026938997476097,
    "max": 4.209752224740014,
    "count": 15
  }
}