{
  "error": {
    "mean": 1.857441891154786,
    "std": 0.3013363633559869,
    "min": 1.2525947649071831,
    "max": 2.2208322935234213,
    "count": 8
  },
  "fix": {
    "mean": 2.3192285389191447,
    "std": 0.33441780947115235,
    "min": 1.9068152032965182,
    "max": 3.03775508814537,
    "count": 10
  },
  "neg_normal": {
    "mean": 2.4581931014815326,
    "std": 0.6014854351217206,
    "min": 1.7252308127455043,
    "max": 3.6519466708106862,
    "count": 23
  },
  "pos_normal": {
    "mean": 2.197310176623968,
    "std": 0.39820342837649525,
    "min": 1.5832830193748677,
    "max": 3.6054271640122333,
    "count": 30
  }
}