{
  "error": {
    "mean": 2.291393780947962,
    "std": 0.42825732988997045,
    "min": 1.9466012015724605,
    "max": 2.8950035546693433,
    "count": 3
  },
  "fix": {
    "mean": 1.9052013125501308,
    "std": 0.14699128158760016,
    "min": 1.7326299619361039,
    "max": 2.087897487149246,
    "count": 4
  },
  "neg_normal": {
    "mean": 2.221996449658387,
    "std": 0.6383268403805312,
    "min": 1.5522678057408335,
    "max": 3.643272775280291,
    "count": 10
  },
  "pos_normal": {
    "mean": 2.2343879666277413,
    "std": 0.48016803888516507,
    "min": 1.610675671371158,
    "max": 3.643272775280291,
    "count": 26
  }
}