{
  "error": {
    "mean": 2.2883024477729457,
    "std": 0.1954105906656256,
    "min": 2.09289185710732,
    "max": 2.4837130384385713,
    "count": 2
  },
  "fix": {
    "mean": 1.9717752373380941,
    "std": 0.010131538856257838,
    "min": 1.9616436984818364,
    "max": 1.981906776194352,
    "count": 2
  },
  "neg_normal": {
    "mean": 2.305759742936689,
    "std": 0.3830622328528396,
    "min": 1.7287823363375117,
    "max": 3.3650063982241347,
    "count": 25
  },
  "pos_normal": {
    "mean": 2.507566921519064,
    "std": 0.7256300150091105,
    "min": 1.2912147687659075,
    "max": 4.397487798282375,
    "count": 40
  }
}