{
  "error": {
    "mean": 2.096498981157716,
    "std": 0.4066950692518465,
    "min": 1.5866643294852614,
    "max": 2.5819651955103846,
    "count": 3
  },
  "fix": {
    "mean": 1.6658737876713625,
    "std": 1.6658737876713625,
    "min": 0.0,
    "max": 3.331747575342725,
    "count": 2
  },
  "neg_normal": {
    "mean": 2.383216113814059,
    "std": 0.48658822882689384,
    "min": 1.263347755545636,
    "max": 3.8261522567913597,
    "count": 69
  },
  "pos_normal": {
    "mean": null,
    "std": null,
    "min": null,
    "max": null,
    "count": 0
  }
}