{
  "error": {
    "mean": 22.333333333333332,
    "std": 7.586537784494028,
    "min": 16.0,
    "max": 33.0,
    "count": 3
  },
  "fix": {
    "mean": 25.75,
    "std": 6.609652033201143,
    "min": 17.0,
    "max": 35.0,
    "count": 4
  },
  "neg_normal": {
    "mean": 21.3,
    "std": 11.13597772986279,
    "min": 8.0,
    "max": 46.0,
    "count": 10
  },
  "pos_normal": {
    "mean": 20.576923076923077,
    "std": 7.7418596301240425,
    "min": 8.0,
    "max": 36.0,
    "count": 26
  }
}