{
  "error": {
    "mean": 22.0,
    "std": 3.0,
    "min": 19.0,
    "max": 25.0,
    "count": 2
  },
  "fix": {
    "mean": 15.5,
    "std": 0.5,
    "min": 15.0,
    "max": 16.0,
    "count": 2
  },
  "neg_normal": {
    "mean": 19.32,
    "std": 6.297428046432924,
    "min": 10.0,
    "max": 36.0,
    "count": 25
  },
  "pos_normal": {
    "mean": 18.975,
    "std": 6.2947895119694035,
    "min": 12.0,
    "max": 34.0,
    "count": 40
  }
}