{
  "error": {
    "mean": 28.0,
    "std": 13.063945294843617,
    "min": 12.0,
    "max": 44.0,
    "count": 3
  },
  "fix": {
    "mean": 3.0,
    "std": 2.0,
    "min": 1.0,
    "max": 5.0,
    "count": 2
  },
  "neg_normal": {
    "mean": 18.985507246376812,
    "std": 5.8742690044723025,
    "min": 4.0,
    "max": 44.0,
    "count": 69
  },
  "pos_normal": {
    "mean": null,
    "std": null,
    "min": null,
    "max": null,
    "count": 0
  }
}