{
  "error": {
    "mean": 0.40590651347505113,
    "std": 0.08282626788888123,
    "min": 0.32308024558616993,
    "max": 0.4887327813639324,
    "count": 2
  },
  "fix": {
    "mean": 0.3597232970081474,
    "std": 0.03165461500308349,
    "min": 0.3341273530218626,
    "max": 0.41165789329269564,
    "count": 4
  },
  "neg_normal": {
    "mean": null,
    "std": null,
    "min": null,
    "max": null,
    "count": 0
  },
  "pos_normal": {
    "mean": 0.40811918748936343,
    "std": 0.09063285733329979,
    "min": 0.319891417721495,
    "max": 0.6470364916079375,
    "count": 18
  }
}