{
  "error": {
    "mean": 0.4179784765598248,
    "std": 0.08365086354120271,
    "min": 0.31077050849748067,
    "max": 0.5441491708380516,
    "count": 4
  },
  "fix": {
    "mean": 0.41270238605542503,
    "std": 0.06005048952432655,
    "min": 0.34924848384228824,
    "max": 0.5347699320166057,
    "count": 6
  },
  "neg_normal": {
    "mean": 0.4454736956055534,
    "std": 0.13962979367251233,
    "min": 0.3400114518016451,
    "max": 0.9453062327352912,
    "count": 33
  },
  "pos_normal": {
    "mean": 0.4080818294036148,
    "std": 0.07318027343517337,
    "min": 0.30805010462151705,
    "max": 0.5347699320166057,
    "count": 34
  }
}