{
  "error": {
    "mean": 0.3736753604884135,
    "std": 0.017534357961177336,
    "min": 0.3489721558256167,
    "max": 0.38789627371076474,
    "count": 3
  },
  "fix": {
    "mean": 0.3226279114230125,
    "std": 0.03288961971681134,
    "min": 0.2769403544165111,
    "max": 0.36961338524267595,
    "count": 4
  },
  "neg_normal": {
    "mean": 0.397511687162592,
    "std": 0.09623857953191828,
    "min": 0.3019066603244865,
    "max": 0.6463555629629991,
    "count": 10
  },
  "pos_normal": {
    "mean": 0.3750293995461922,
    "std": 0.08764075730445693,
    "min": 0.2769403544165111,
    "max": 0.6463555629629991,
    "count": 26
  }
}