{
  "error": {
    "mean": 0.3550198723094683,
    "std": 0.020952342854965722,
    "min": 0.3340675294545026,
    "max": 0.375972215164434,
    "count": 2
  },
  "fix": {
    "mean": 0.4055530246530804,
    "std": 0.003689177306206548,
    "min": 0.40186384734687386,
    "max": 0.40924220195928696,
    "count": 2
  },
  "neg_normal": {
    "mean": 0.39471493344766595,
    "std": 0.05345053602064452,
    "min": 0.2947455529783176,
    "max": 0.514486604886159,
    "count": 25
  },
  "pos_normal": {
    "mean": 0.4020486394827724,
    "std": 0.05472489002773061,
    "min": 0.300951168756201,
    "max": 0.5171572876678335,
    "count": 40
  }
}