{
  "error": {
    "mean": 0.3452381053125308,
    "std": 0.0482258628618738,
    "min": 0.29118516944386036,
    "max": 0.4250679696607709,
    "count": 13
  },
  "fix": {
    "mean": 0.3694320225308978,
    "std": 0.048171033622003666,
    "min": 0.30659258628697905,
    "max": 0.4321589964639666,
    "count": 12
  },
  "neg_normal": {
    "mean": 0.44795736550033977,
    "std": 0.1580244105884287,
    "min": 0.31474036500988384,
    "max": 1.0,
    "count": 46
  },
  "pos_normal": {
    "mean": 0.41838501755518565,
    "std": 0.10049335497948246,
    "min": 0.30659258628697905,
    "max": 0.6375593907340005,
    "count": 28
  }
}