{
  "error": {
    "mean": 0.36551913035746314,
    "std": 0.05069204439602572,
    "min": 0.31242654852531837,
    "max": 0.43378362309684904,
    "count": 3
  },
  "fix": {
    "mean": 0.8945841131973704,
    "std": 0.10541588680262959,
    "min": 0.7891682263947408,
    "max": 1.0,
    "count": 2
  },
  "neg_normal": {
    "mean": 0.40966044148607533,
    "std": 0.07088479936760701,
    "min": 0.27967506360387245,
    "max": 0.841918416594184,
    "count": 69
  },
  "pos_normal": {
    "mean": null,
    "std": null,
    "min": null,
    "max": null,
    "count": 0
  }
}