{
  "error": {
    "mean": 0.6965995998072222,
    "std": 0.29522039252875165,
    "min": 0.29651709736343984,
    "max": 1.0,
    "count": 3
  },
  "fix": {
    "mean": 0.40760826010338946,
    "std": 0.0,
    "min": 0.40760826010338946,
    "max": 0.40760826010338946,
    "count": 2
  },
  "neg_normal": {
    "mean": 0.380863698040402,
    "std": 0.06292359861774582,
    "min": 0.2800766698019838,
    "max": 0.501040320786107,
    "count": 28
  },
  "pos_normal": {
    "mean": null,
    "std": null,
    "min": null,
    "max": null,
    "count": 0
  }
}