{
  "error": {
    "mean": 13.83817795470736,
    "std": 1.2470951134068542,
    "min": 11.603856113075269,
    "max": 15.647425994198546,
    "count": 8
  },
  "fix": {
    "mean": 14.884758451963691,
    "std": 1.2372809342044004,
    "min": 12.608241225603848,
    "max": 17.370884974862168,
    "count": 10
  },
  "neg_normal": {
    "mean": 15.218656993548253,
    "std": 1.09355079606866,
    "min": 12.552469121591841,
    "max": 16.83396623966743,
    "count": 23
  },
  "pos_normal": {
    "mean": 14.56512421896148,
    "std": 0.7519814802651212,
    "min": 12.608241225603848,
    "max": 16.344885282916874,
    "count": 30
  }
}