{
  "error": {
    "mean": 13.735916505270666,
    "std": 1.6374939010290144,
    "min": 10.972741471832153,
    "max": 15.352048751919622,
    "count": 5
  },
  "fix": {
    "mean": 14.163959679986647,
    "std": 0.8707650771067899,
    "min": 13.08500018619206,
    "max": 15.217474967801188,
    "count": 3
  },
  "neg_normal": {
    "mean": 15.062813440857264,
    "std": 1.3243929500942224,
    "min": 12.404405299645068,
    "max": 19.374698376514036,
    "count": 19
  },
  "pos_normal": {
    "mean": 14.165027214829365,
    "std": 1.056192766936768,
    "min": 12.691890700505265,
    "max": 18.006538875248435,
    "count": 38
  }
}