{
  "error": {
    "mean": 13.354413824339503,
    "std": 0.16447229725925713,
    "min": 13.122393063368854,
    "max": 13.484618559602584,
    "count": 3
  },
  "fix": {
    "mean": 14.35046161958595,
    "std": 0.33209688518864006,
    "min": 13.97871007964957,
    "max": 14.842773982016235,
    "count": 4
  },
  "neg_normal": {
    "mean": 13.421851637033953,
    "std": 1.1472787252116379,
    "min": 11.507486877897401,
    "max": 16.0999645852238,
    "count": 10
  },
  "pos_normal": {
    "mean": 14.908931667470783,
    "std": 0.8520509168836246,
    "min": 13.975696741536812,
    "max": 17.28670926989651,
    "count": 26
  }
}