{
  "error": {
    "mean": 13.812918458811835,
    "std": 1.1242481962899367,
    "min": 12.264471676357553,
    "max": 14.899608539018779,
    "count": 3
  },
  "fix": {
    "mean": 14.820786849463653,
    "std": 2.5675625379032905,
    "min": 12.253224311560363,
    "max": 17.388349387366944,
    "count": 2
  },
  "neg_normal": {
    "mean": 12.763493628129043,
    "std": 1.0498456571951567,
    "min": 11.38057967658207,
    "max": 15.958505324837004,
    "count": 69
  },
  "pos_normal": {
    "mean": null,
    "std": null,
    "min": null,
    "max": null,
    "count": 0
  }
}