{
  "error": {
    "mean": 1.0,
    "std": 0.0,
    "min": 1.0,
    "max": 1.0,
    "count": 3
  },
  "fix": {
    "mean": 1.0,
    "std": 0.0,
    "min": 1.0,
    "max": 1.0,
    "count": 4
  },
  "neg_normal": {
    "mean": 0.9,
    "std": 0.30000000000000004,
    "min": 0.0,
    "max": 1.0,
    "count": 10
  },
  "pos_normal": {
    "mean": 0.9230769230769231,
    "std": 0.2664693550105965,
    "min": 0.0,
    "max": 1.0,
    "count": 26
  }
}