{
  "error": {
    "mean": 0.0573262232711716,
    "std": 0.0,
    "min": 0.0573262232711716,
    "max": 0.0573262232711716,
    "count": 1
  },
  "fix": {
    "mean": 0.05754076561535189,
    "std": 0.0,
    "min": 0.05754076561535189,
    "max": 0.05754076561535189,
    "count": 1
  },
  "neg_normal": {
    "mean": 0.06466949055203769,
    "std": 0.005965786526222304,
    "min": 0.05748150669607697,
    "max": 0.07208913005651009,
    "count": 3
  },
  "pos_normal": {
    "mean": 0.060417746734299116,
    "std": 0.006890640038759344,
    "min": 0.051061552883807156,
    "max": 0.06745542152213883,
    "count": 3
  }
}