{
  "error": {
    "mean": 0.06368509695843173,
    "std": 0.005842353082079443,
    "min": 0.056796362127856444,
    "max": 0.07255232134602439,
    "count": 4
  },
  "fix": {
    "mean": 0.05819388185862885,
    "std": 0.004165541713049957,
    "min": 0.05384398701985775,
    "max": 0.06531620145279979,
    "count": 7
  },
  "neg_normal": {
    "mean": 0.05545689937736325,
    "std": 0.006761457427891762,
    "min": 0.04358908671667389,
    "max": 0.06322398264385888,
    "count": 13
  },
  "pos_normal": {
    "mean": 0.06007020897059891,
    "std": 0.006994286173295387,
    "min": 0.045478845549046416,
    "max": 0.06789284037630591,
    "count": 15
  }
}