{
  "error": {
    "mean": 0.060263435533208155,
    "std": 0.006472065921236922,
    "min": 0.05287287170990063,
    "max": 0.07203047668713967,
    "count": 8
  },
  "fix": {
    "mean": 0.05916036595224836,
    "std": 0.0061383167720712945,
    "min": 0.04992625370073753,
    "max": 0.06809542228627846,
    "count": 10
  },
  "neg_normal": {
    "mean": 0.05939610105315081,
    "std": 0.005620731909540921,
    "min": 0.04987097056492447,
    "max": 0.0695171910755589,
    "count": 23
  },
  "pos_normal": {
    "mean": 0.06065299243493801,
    "std": 0.005436021203022163,
    "min": 0.05028178636753807,
    "max": 0.06839714526692359,
    "count": 30
  }
}