{
  "error": {
    "mean": 0.054797142844391675,
    "std": 0.00497845863854034,
    "min": 0.04981868420585133,
    "max": 0.05977560148293201,
    "count": 2
  },
  "fix": {
    "mean": 0.06406530352169815,
    "std": 0.007180548051566386,
    "min": 0.052638891282933316,
    "max": 0.07250424216107455,
    "count": 4
  },
  "neg_normal": {
    "mean": null,
    "std": null,
    "min": null,
    "max": null,
    "count": 0
  },
  "pos_normal": {
    "mean": 0.057012446949591705,
    "std": 0.007562929072453436,
    "min": 0.04846796967006102,
    "max": 0.07250178626967357,
    "count": 18
  }
}