{
  "error": {
    "mean": 0.061230684861080596,
    "std": 0.00371021262498741,
    "min": 0.05624233846164051,
    "max": 0.0651340481591617,
    "count": 3
  },
  "fix": {
    "mean": 0.060783382932779274,
    "std": 0.006134835581649935,
    "min": 0.053640767824902534,
    "max": 0.06732249529145215,
    "count": 4
  },
  "neg_normal": {
    "mean": 0.05988370834769376,
    "std": 0.005066687716779071,
    "min": 0.049321230567713634,
    "max": 0.0671587715529609,
    "count": 10
  },
  "pos_normal": {
    "mean": 0.059341607512168916,
    "std": 0.0053089846236379105,
    "min": 0.04956658585628385,
    "max": 0.06732372326259162,
    "count": 26
  }
}