{
  "error": {
    "mean": 0.06267717370397158,
    "std": 0.005941311731089204,
    "min": 0.05045526849241501,
    "max": 0.07063558417457466,
    "count": 13
  },
  "fix": {
    "mean": 0.06640685777658831,
    "std": 0.0057428897669381295,
    "min": 0.056116356429689526,
    "max": 0.07278821406650234,
    "count": 12
  },
  "neg_normal": {
    "mean": 0.06042307665853655,
    "std": 0.006882262753426168,
    "min": 0.04587338503243704,
    "max": 0.0701659859374884,
    "count": 46
  },
  "pos_normal": {
    "mean": 0.06147839689631821,
    "std": 0.007633809627105083,
    "min": 0.04912219155422063,
    "max": 0.07278749870993091,
    "count": 28
  }
}