{
  "error": {
    "mean": 0.03825348883671314,
    "std": 0.02789665438010594,
    "min": 0.0,
    "max": 0.06573714250844942,
    "count": 3
  },
  "fix": {
    "mean": 0.05127289874388899,
    "std": 9.329856448976603e-07,
    "min": 0.05127196575824409,
    "max": 0.051273831729533884,
    "count": 2
  },
  "neg_normal": {
    "mean": 0.057651746207704684,
    "std": 0.003880332525902302,
    "min": 0.050868146368623475,
    "max": 0.06622024125810706,
    "count": 28
  },
  "pos_normal": {
    "mean": null,
    "std": null,
    "min": null,
    "max": null,
    "count": 0
  }
}