{
  "error": {
    "mean": 0.06880482456140351,
    "std": 0.04552337243933308,
    "min": 0.0,
    "max": 0.125,
    "count": 4
  },
  "fix": {
    "mean": 0.10465057817998995,
    "std": 0.09054135153029284,
    "min": 0.0,
    "max": 0.2916666666666667,
    "count": 6
  },
  "neg_normal": {
    "mean": 0.09409440744413601,
    "std": 0.09323299140964067,
    "min": 0.0,
    "max": 0.36,
    "count": 33
  },
  "pos_normal": {
    "mean": 0.21347115948446338,
    "std": 0.3094501417713772,
    "min": 0.0,
    "max": 1.0,
    "count": 34
  }
}