{
  "error": {
    "mean": 0.04301470588235294,
    "std": 0.06102941176470588,
    "min": 0.0,
    "max": 0.15625,
    "count": 5
  },
  "fix": {
    "mean": 0.09298953027730616,
    "std": 0.06567392305495585,
    "min": 0.03225806451612903,
    "max": 0.18421052631578946,
    "count": 3
  },
  "neg_normal": {
    "mean": 0.060919454909306815,
    "std": 0.11102113487260175,
    "min": 0.0,
    "max": 0.475,
    "count": 19
  },
  "pos_normal": {
    "mean": 0.05998843732259014,
    "std": 0.11761455661472396,
    "min": 0.0,
    "max": 0.6666666666666666,
    "count": 38
  }
}