{
  "error": {
    "mean": 0.09615384615384615,
    "std": 0.13598207330510528,
    "min": 0.0,
    "max": 0.28846153846153844,
    "count": 3
  },
  "fix": {
    "mean": 0.1529597634508349,
    "std": 0.1901693549642392,
    "min": 0.0,
    "max": 0.4772727272727273,
    "count": 4
  },
  "neg_normal": {
    "mean": 0.14602441929720072,
    "std": 0.29189552518669193,
    "min": 0.0,
    "max": 1.0,
    "count": 10
  },
  "pos_normal": {
    "mean": 0.12673939026811698,
    "std": 0.2711288090521055,
    "min": 0.0,
    "max": 1.0,
    "count": 26
  }
}