{
  "error": {
    "mean": 0.04393654572268528,
    "std": 0.039136169968213716,
    "min": 0.0,
    "max": 0.11538461538461539,
    "count": 13
  },
  "fix": {
    "mean": 0.00870967741935484,
    "std": 0.02010810188356163,
    "min": 0.0,
    "max": 0.06451612903225806,
    "count": 12
  },
  "neg_normal": {
    "mean": 0.036512442749814585,
    "std": 0.04865669366146535,
    "min": 0.0,
    "max": 0.20512820512820512,
    "count": 46
  },
  "pos_normal": {
    "mean": 0.09388148401306297,
    "std": 0.11819729108780588,
    "min": 0.0,
    "max": 0.4772727272727273,
    "count": 28
  }
}