{
  "error": {
    "mean": 2.856146349955645,
    "std": 0.0,
    "min": 2.856146349955645,
    "max": 2.856146349955645,
    "count": 1
  },
  "fix": {
    "mean": 3.1197669329423707,
    "std": 0.0,
    "min": 3.1197669329423707,
    "max": 3.1197669329423707,
    "count": 1
  },
  "neg_normal": {
    "mean": 1.848885521657074,
    "std": 0.3219470393626898,
    "min": 1.3941032228090056,
    "max": 2.095108551562132,
    "count": 3
  },
  "pos_normal": {
    "mean": 2.111244667770307,
    "std": 0.25194234480317035,
    "min": 1.7574479027159478,
    "max": 2.324657491758123,
    "count": 3
  }
}