{
  "error": {
    "mean": 2.3523176898815636,
    "std": 0.27783493189079794,
    "min": 1.9486466412936354,
    "max": 2.733768168698151,
    "count": 4
  },
  "fix": {
    "mean": 2.1142938486908673,
    "std": 0.2667602219265174,
    "min": 1.7962222385080133,
    "max": 2.3959751588081972,
    "count": 7
  },
  "neg_normal": {
    "mean": 2.3549739366753752,
    "std": 0.8111830932447609,
    "min": 0.9362856303170837,
    "max": 4.355946202510472,
    "count": 13
  },
  "pos_normal": {
    "mean": 1.8948684336837165,
    "std": 0.776645311871414,
    "min": 1.1299531680771921,
    "max": 4.3607696191600915,
    "count": 15
  }
}