{
  "error": {
    "mean": 2.014312166679386,
    "std": 0.6133440954818241,
    "min": 0.6161972348734941,
    "max": 2.726018376565575,
    "count": 8
  },
  "fix": {
    "mean": 2.3585851636816644,
    "std": 0.3609857897786118,
    "min": 1.6308980209283845,
    "max": 2.9735943558758877,
    "count": 10
  },
  "neg_normal": {
    "mean": 2.286102431158894,
    "std": 0.48987276126790985,
    "min": 1.717309726991906,
    "max": 3.385197417692439,
    "count": 23
  },
  "pos_normal": {
    "mean": 2.336926635404562,
    "std": 0.3980609433335414,
    "min": 1.7096780877833284,
    "max": 2.8984070672779803,
    "count": 30
  }
}