{
  "error": {
    "mean": 3.1561244788569303,
    "std": 0.39546030893144724,
    "min": 2.7606641699254832,
    "max": 3.5515847877883777,
    "count": 2
  },
  "fix": {
    "mean": 2.657078752581376,
    "std": 0.44062239520569696,
    "min": 1.9149908015287727,
    "max": 3.0724354725973226,
    "count": 4
  },
  "neg_normal": {
    "mean": null,
    "std": null,
    "min": null,
    "max": null,
    "count": 0
  },
  "pos_normal": {
    "mean": 1.9261036905641515,
    "std": 0.4645610395375373,
    "min": 1.025447969309089,
    "max": 3.0724354725973226,
    "count": 18
  }
}