{
  "error": {
    "mean": 2.9519177777934473,
    "std": 0.3347675551099562,
    "min": 2.5981618866456255,
    "max": 3.488585549227254,
    "count": 4
  },
  "fix": {
    "mean": 2.8623309756272994,
    "std": 0.4993609179846324,
    "min": 2.1616635010544374,
    "max": 3.557602745968744,
    "count": 6
  },
  "neg_normal": {
    "mean": 2.5586057281707775,
    "std": 0.6161204070812646,
    "min": 1.5648663447006388,
    "max": 4.076363829927816,
    "count": 33
  },
  "pos_normal": {
    "mean": 2.605745250456236,
    "std": 0.4487306589609818,
    "min": 1.8207405432596797,
    "max": 3.557602745968744,
    "count": 34
  }
}