{
  "error": {
    "mean": 2.4819707760246295,
    "std": 0.018459458170442478,
    "min": 2.463511317854187,
    "max": 2.500430234195072,
    "count": 2
  },
  "fix": {
    "mean": 1.6975390719886612,
    "std": 0.07952329529053459,
    "min": 1.6180157766981267,
    "max": 1.7770623672791959,
    "count": 2
  },
  "neg_normal": {
    "mean": 2.2843666997742282,
    "std": 0.44417475997455214,
    "min": 1.4068607518959697,
    "max": 3.202410525852121,
    "count": 25
  },
  "pos_normal": {
    "mean": 2.4525946475237013,
    "std": 0.8764414795147577,
    "min": 0.788635898159558,
    "max": 4.502720043860455,
    "count": 40
  }
}