{
  "error": {
    "mean": 2.331464529037466,
    "std": 0.47212509550933096,
    "min": 1.4276858987393781,
    "max": 3.0191872332359058,
    "count": 13
  },
  "fix": {
    "mean": 1.9828778227283836,
    "std": 0.3096665384285979,
    "min": 1.5184211042653724,
    "max": 2.5013725297896343,
    "count": 12
  },
  "neg_normal": {
    "mean": 2.0472345217299392,
    "std": 0.6821231594164605,
    "min": 0.7720841230686534,
    "max": 3.4350341525265753,
    "count": 46
  },
  "pos_normal": {
    "mean": 2.1504658380321184,
    "std": 0.5449720978762261,
    "min": 1.3944730361694784,
    "max": 3.116723154364294,
    "count": 28
  }
}