{
  "error": {
    "mean": 1.663983043150628,
    "std": 1.1897013089790645,
    "min": 0.0,
    "max": 2.7115067687236993,
    "count": 3
  },
  "fix": {
    "mean": 3.0284779201455234,
    "std": 0.0,
    "min": 3.0284779201455234,
    "max": 3.0284779201455234,
    "count": 2
  },
  "neg_normal": {
    "mean": 2.2162670974982017,
    "std": 0.6945334524184906,
    "min": 0.9208667894206962,
    "max": 3.7857824628323553,
    "count": 28
  },
  "pos_normal": {
    "mean": null,
    "std": null,
    "min": null,
    "max": null,
    "count": 0
  }
}