{
  "error": {
    "mean": 2.1736107632144166,
    "std": 0.8608756059581787,
    "min": 0.9587160683041451,
    "max": 3.6365280288512936,
    "count": 5
  },
  "fix": {
    "mean": 2.827705853718598,
    "std": 0.16537439448932395,
    "min": 2.6059451683676063,
    "max": 3.0029265752673924,
    "count": 3
  },
  "neg_normal": {
    "mean": 2.180400299351209,
    "std": 0.5765273084297756,
    "min": 0.8838043943380969,
    "max": 2.925656624899652,
    "count": 19
  },
  "pos_normal": {
    "mean": 2.3734288099309393,
    "std": 0.5227084801211942,
    "min": 1.3709103251759498,
    "max": 3.557105886999168,
    "count": 38
  }
}