{
  "error": {
    "mean": 2.6364369990710474,
    "std": 0.6127653390377535,
    "min": 2.1268055141415467,
    "max": 3.4982361459757323,
    "count": 3
  },
  "fix": {
    "mean": 2.4206883832627755,
    "std": 0.37668420081208404,
    "min": 2.0111224727984256,
    "max": 3.016592760565752,
    "count": 4
  },
  "neg_normal": {
    "mean": 2.2510672282376163,
    "std": 0.6157883780569132,
    "min": 1.648292073534451,
    "max": 3.3573606719571254,
    "count": 10
  },
  "pos_normal": {
    "mean": 2.3913350487548835,
    "std": 0.42679552234560214,
    "min": 1.5987088383332997,
    "max": 3.180085715534818,
    "count": 26
  }
}