{
  "error": {
    "mean": 2.3064148215303075,
    "std": 0.5356750883730724,
    "min": 1.605914617615158,
    "max": 2.906457434767492,
    "count": 3
  },
  "fix": {
    "mean": 1.3237109551932658,
    "std": 1.3237109551932658,
    "min": 0.0,
    "max": 2.6474219103865315,
    "count": 2
  },
  "neg_normal": {
    "mean": 2.763882910138855,
    "std": 0.8157401902090139,
    "min": 1.1493544736268997,
    "max": 4.933102347901766,
    "count": 69
  },
  "pos_normal": {
    "mean": null,
    "std": null,
    "min": null,
    "max": null,
    "count": 0
  }
}