{
  "error": {
    "mean": 0.32480144341662165,
    "std": 0.0,
    "min": 0.32480144341662165,
    "max": 0.32480144341662165,
    "count": 1
  },
  "fix": {
    "mean": 0.32705515173586186,
    "std": 0.0,
    "min": 0.32705515173586186,
    "max": 0.32705515173586186,
    "count": 1
  },
  "neg_normal": {
    "mean": 0.36261999705062586,
    "std": 0.020950462520328995,
    "min": 0.33447221767619223,
    "max": 0.3847038622022072,
    "count": 3
  },
  "pos_normal": {
    "mean": 0.35085901116829715,
    "std": 0.03185283491049505,
    "min": 0.3059047965545403,
    "max": 0.37583483396480105,
    "count": 3
  }
}