{
  "error": {
    "mean": 0.35759429040613533,
    "std": 0.01791790955991117,
    "min": 0.3312452182063602,
    "max": 0.38771325217312813,
    "count": 8
  },
  "fix": {
    "mean": 0.3834019960710132,
    "std": 0.07948364634171477,
    "min": 0.3106884453831774,
    "max": 0.613746463619577,
    "count": 10
  },
  "neg_normal": {
    "mean": 0.3552404986423754,
    "std": 0.025301610128218202,
    "min": 0.29565975009976575,
    "max": 0.40028008370739004,
    "count": 23
  },
  "pos_normal": {
    "mean": 0.36685694230665306,
    "std": 0.05138881607355041,
    "min": 0.29553501463339604,
    "max": 0.6137464636195771,
    "count": 30
  }
}