{
  "error": {
    "mean": 0.37907121617477535,
    "std": 0.011303858271338799,
    "min": 0.3614177358642351,
    "max": 0.3917785281127766,
    "count": 4
  },
  "fix": {
    "mean": 0.3764968619000372,
    "std": 0.01739170254696575,
    "min": 0.34183736011194665,
    "max": 0.39635503978033454,
    "count": 6
  },
  "neg_normal": {
    "mean": 0.36903035015825775,
    "std": 0.06307581404185666,
    "min": 0.30413990450345085,
    "max": 0.6112480281273948,
    "count": 33
  },
  "pos_normal": {
    "mean": 0.3572980984022489,
    "std": 0.025188391805351814,
    "min": 0.3102496152478379,
    "max": 0.39860245651808557,
    "count": 34
  }
}