{
  "error": {
    "mean": 0.3589923168747894,
    "std": 0.017230744491005933,
    "min": 0.3278078516388742,
    "max": 0.37462052724626227,
    "count": 5
  },
  "fix": {
    "mean": 0.33692584415491184,
    "std": 0.01719447412148424,
    "min": 0.31264524837400287,
    "max": 0.35021262007161313,
    "count": 3
  },
  "neg_normal": {
    "mean": 0.36582106154886423,
    "std": 0.05503042113084692,
    "min": 0.3179331662410463,
    "max": 0.5863646880822746,
    "count": 19
  },
  "pos_normal": {
    "mean": 0.35757565836858357,
    "std": 0.01844869373122408,
    "min": 0.31807814867982864,
    "max": 0.3890910985546546,
    "count": 38
  }
}