{
  "error": {
    "mean": 0.34480729581618924,
    "std": 0.013892290252455107,
    "min": 0.3289416604383877,
    "max": 0.36277529179108364,
    "count": 3
  },
  "fix": {
    "mean": 0.35699488510193245,
    "std": 0.021933557774787556,
    "min": 0.33401292441002084,
    "max": 0.3824773551626106,
    "count": 4
  },
  "neg_normal": {
    "mean": 0.3539011270754842,
    "std": 0.024564584638259696,
    "min": 0.30961251551982283,
    "max": 0.3968985454404414,
    "count": 10
  },
  "pos_normal": {
    "mean": 0.3501396668443437,
    "std": 0.027431325672930395,
    "min": 0.3040927179257691,
    "max": 0.39689854544044145,
    "count": 26
  }
}