{
  "error": {
    "mean": 25.026357913697204,
    "std": 0.0,
    "min": 25.026357913697204,
    "max": 25.026357913697204,
    "count": 1
  },
  "fix": {
    "mean": 25.209479962353083,
    "std": 0.0,
    "min": 25.209479962353083,
    "max": 25.209479962353083,
    "count": 1
  },
  "neg_normal": {
    "mean": 17.28316243842207,
    "std": 0.4380745573603256,
    "min": 16.72114887109072,
    "max": 17.789933566728976,
    "count": 3
  },
  "pos_normal": {
    "mean": 18.34122215071459,
    "std": 1.3170702423066045,
    "min": 16.597808025494977,
    "max": 19.780724445554217,
    "count": 3
  }
}