{
  "error": {
    "mean": 17.65106102504962,
    "std": 1.8170887169483834,
    "min": 13.784384324135061,
    "max": 20.42706200848229,
    "count": 8
  },
  "fix": {
    "mean": 20.08246150273621,
    "std": 2.395833434316772,
    "min": 15.133465538726599,
    "max": 23.354405018852745,
    "count": 10
  },
  "neg_normal": {
    "mean": 20.82943493039032,
    "std": 2.0274732505969215,
    "min": 16.44965408238878,
    "max": 24.60043622249577,
    "count": 23
  },
  "pos_normal": {
    "mean": 19.348542897753536,
    "std": 2.2886863687325634,
    "min": 15.133465538726599,
    "max": 25.857732640422267,
    "count": 30
  }
}