{
  "error": {
    "mean": 21.33504220711971,
    "std": 3.8770887927244333,
    "min": 17.31373501302872,
    "max": 25.438045227717527,
    "count": 4
  },
  "fix": {
    "mean": 21.621642766468995,
    "std": 4.252001836034682,
    "min": 16.973496246651685,
    "max": 26.52442876945546,
    "count": 6
  },
  "neg_normal": {
    "mean": 20.52667919564554,
    "std": 2.958040848967798,
    "min": 15.432578650620552,
    "max": 25.719994852403268,
    "count": 33
  },
  "pos_normal": {
    "mean": 21.239557987005313,
    "std": 2.96571719783044,
    "min": 16.544733905021538,
    "max": 26.52442876945546,
    "count": 34
  }
}