{
  "error": {
    "mean": 19.844217844447666,
    "std": 2.489561962512503,
    "min": 18.01314368070408,
    "max": 23.364030968319753,
    "count": 3
  },
  "fix": {
    "mean": 18.331285473607878,
    "std": 0.8676630475398547,
    "min": 17.398676189983668,
    "max": 19.747724178216956,
    "count": 4
  },
  "neg_normal": {
    "mean": 18.766290999005218,
    "std": 2.8827345895321304,
    "min": 15.794686565631142,
    "max": 24.648429463856274,
    "count": 10
  },
  "pos_normal": {
    "mean": 19.947233025092444,
    "std": 2.1044582198086714,
    "min": 16.700445633046396,
    "max": 24.53858489107341,
    "count": 26
  }
}