{
  "error": {
    "mean": 19.000064729910672,
    "std": 4.789149231310606,
    "min": 12.278033684112405,
    "max": 23.07847101392793,
    "count": 3
  },
  "fix": {
    "mean": 24.47959208459677,
    "std": 0.0,
    "min": 24.47959208459677,
    "max": 24.47959208459677,
    "count": 2
  },
  "neg_normal": {
    "mean": 19.657266699753706,
    "std": 1.231240851322622,
    "min": 17.42670300454279,
    "max": 22.181072988272398,
    "count": 28
  },
  "pos_normal": {
    "mean": null,
    "std": null,
    "min": null,
    "max": null,
    "count": 0
  }
}