{
  "error": {
    "mean": 19.363281308846453,
    "std": 1.441667488425475,
    "min": 17.921613820420976,
    "max": 20.804948797271926,
    "count": 2
  },
  "fix": {
    "mean": 18.502587490662606,
    "std": 0.122479705946267,
    "min": 18.380107784716337,
    "max": 18.62506719660887,
    "count": 2
  },
  "neg_normal": {
    "mean": 20.299621978310064,
    "std": 1.9759918562740852,
    "min": 17.837773015133315,
    "max": 25.317126143614434,
    "count": 25
  },
  "pos_normal": {
    "mean": 20.80777012349,
    "std": 2.4923218045559987,
    "min": 15.817861546985776,
    "max": 24.705162333714195,
    "count": 40
  }
}