{
  "error": {
    "mean": 19.785354627446313,
    "std": 1.6131521855051818,
    "min": 16.38467840615943,
    "max": 22.683198796352094,
    "count": 13
  },
  "fix": {
    "mean": 16.63033271834773,
    "std": 1.16640187260079,
    "min": 14.023741325629096,
    "max": 18.18967741469116,
    "count": 12
  },
  "neg_normal": {
    "mean": 19.76492259782184,
    "std": 2.9532055615251203,
    "min": 14.15656796910995,
    "max": 25.812767395347375,
    "count": 46
  },
  "pos_normal": {
    "mean": 19.64510595711807,
    "std": 2.775951059593651,
    "min": 15.991599928085673,
    "max": 23.45228006667933,
    "count": 28
  }
}