{
  "error": {
    "mean": 20.608969390591202,
    "std": 2.7732844316281593,
    "min": 17.509623766464273,
    "max": 24.24003652731317,
    "count": 3
  },
  "fix": {
    "mean": 17.560763626687987,
    "std": 5.307539315127626,
    "min": 12.253224311560363,
    "max": 22.868302941815614,
    "count": 2
  },
  "neg_normal": {
    "mean": 18.80302934738236,
    "std": 2.573967603404645,
    "min": 14.212249241793838,
    "max": 24.360470165252696,
    "count": 69
  },
  "pos_normal": {
    "mean": null,
    "std": null,
    "min": null,
    "max": null,
    "count": 0
  }
}