{
  "easy": {
    "error": {
      "mean": 1.975256226381432,
      "std": 0.5184716230742137,
      "count": 5
    },
    "fix": {
      "mean": 1.8380511962967172,
      "std": 0.390550649144277,
      "count": 5
    },
    "neg_normal": {
      "mean": 1.7049086127199418,
      "std": 0.20625158666310708,
      "count": 4
    },
    "pos_normal": {
      "mean": 1.5222371849058143,
      "std": 0.17822822933997437,
      "count": 5
    }
  },
  "medium": {
    "error": {
      "mean": 1.6343800525827266,
      "std": 0.05369748378028973,
      "count": 3
    },
    "fix": {
      "mean": 1.4425420272468834,
      "std": 0.30535111981247076,
      "count": 3
    },
    "neg_normal": {
      "mean": 1.5550805380809514,
      "std": 0.02001487913285208,
      "count": 3
    },
    "pos_normal": {
      "mean": 1.6384556503267185,
      "std": 0.08426197787724385,
      "count": 3
    }
  },
  "hard": {
    "error": {
      "mean": 1.5047982828710191,
      "std": 0.14247417873017282,
      "count": 3
    },
    "fix": {
      "mean": 1.7256879382852812,
      "std": 0.6297183040241723,
      "count": 3
    },
    "neg_normal": {
      "mean": 1.561531861946606,
      "std": 0.06285162369134256,
      "count": 3
    },
    "pos_normal": {
      "mean": 1.7804432328596511,
      "std": 0.0,
      "count": 1
    }
  }
}