{
  "easy": {
    "error": {
      "mean": 0.4699985011674611,
      "std": 0.05041409155648328,
      "count": 5
    },
    "fix": {
      "mean": 0.49013577757932436,
      "std": 0.0311317461478829,
      "count": 5
    },
    "neg_normal": {
      "mean": 0.5005030045468315,
      "std": 0.019033528244908227,
      "count": 4
    },
    "pos_normal": {
      "mean": 0.5136146211062506,
      "std": 0.015694800375858003,
      "count": 5
    }
  },
  "medium": {
    "error": {
      "mean": 0.49698710629502,
      "std": 0.01757110920565291,
      "count": 3
    },
    "fix": {
      "mean": 0.511843586419916,
      "std": 0.036526447398569126,
      "count": 3
    },
    "neg_normal": {
      "mean": 0.5021809117295822,
      "std": 0.0065711761595552915,
      "count": 3
    },
    "pos_normal": {
      "mean": 0.49972506696283653,
      "std": 0.015028006095312041,
      "count": 3
    }
  },
  "hard": {
    "error": {
      "mean": 0.4784775834938961,
      "std": 0.006159273272702537,
      "count": 3
    },
    "fix": {
      "mean": 0.4846743168391882,
      "std": 0.040891480204369904,
      "count": 3
    },
    "neg_normal": {
      "mean": 0.48560891249617777,
      "std": 0.009268080284381232,
      "count": 3
    },
    "pos_normal": {
      "mean": 0.49180727046182604,
      "std": 0.0,
      "count": 1
    }
  }
}