{
  "easy": {
    "error": {
      "mean": 0.3166254746190965,
      "std": 0.05261419581247894,
      "count": 5
    },
    "fix": {
      "mean": 0.3254849366548083,
      "std": 0.04056144746780632,
      "count": 5
    },
    "neg_normal": {
      "mean": 0.35847345601543973,
      "std": 0.02299441142382802,
      "count": 4
    },
    "pos_normal": {
      "mean": 0.36762447853039765,
      "std": 0.041972727545889967,
      "count": 5
    }
  },
  "medium": {
    "error": {
      "mean": 0.3536980036204748,
      "std": 0.07186108752808659,
      "count": 3
    },
    "fix": {
      "mean": 0.2665731390792601,
      "std": 0.05270674303908228,
      "count": 3
    },
    "neg_normal": {
      "mean": 0.3497931564975401,
      "std": 0.03083715767093661,
      "count": 3
    },
    "pos_normal": {
      "mean": 0.3421260137591567,
      "std": 0.020763550024634925,
      "count": 3
    }
  },
  "hard": {
    "error": {
      "mean": 0.4228309335531972,
      "std": 0.17643415005265134,
      "count": 3
    },
    "fix": {
      "mean": 0.5026315789473684,
      "std": 0.23678876375713714,
      "count": 3
    },
    "neg_normal": {
      "mean": 0.3026858215972881,
      "std": 0.012052293379391666,
      "count": 3
    },
    "pos_normal": {
      "mean": 0.3143682437890708,
      "std": 0.0,
      "count": 1
    }
  }
}