{
  "easy": {
    "error": {
      "mean": 143.1982645551653,
      "std": 34.719557360464385,
      "count": 5
    },
    "fix": {
      "mean": 135.85824416941298,
      "std": 27.04660943289467,
      "count": 5
    },
    "neg_normal": {
      "mean": 125.76998805420428,
      "std": 12.47414580550203,
      "count": 4
    },
    "pos_normal": {
      "mean": 117.72844855672022,
      "std": 12.032730173885863,
      "count": 5
    }
  },
  "medium": {
    "error": {
      "mean": 119.51685540423284,
      "std": 4.0503713822900655,
      "count": 3
    },
    "fix": {
      "mean": 113.91825087892886,
      "std": 25.46168324487555,
      "count": 3
    },
    "neg_normal": {
      "mean": 122.82086685253783,
      "std": 9.72578466542531,
      "count": 3
    },
    "pos_normal": {
      "mean": 124.36406108542722,
      "std": 7.900722231090878,
      "count": 3
    }
  },
  "hard": {
    "error": {
      "mean": 105.64131711131644,
      "std": 19.066367150139342,
      "count": 3
    },
    "fix": {
      "mean": 128.5983522118145,
      "std": 32.17842189131019,
      "count": 3
    },
    "neg_normal": {
      "mean": 116.97208236286353,
      "std": 6.588154875690761,
      "count": 3
    },
    "pos_normal": {
      "mean": 133.83205427446484,
      "std": 0.0,
      "count": 1
    }
  }
}