{
  "easy": {
    "error": {
      "mean": 1.0,
      "std": 0.0,
      "count": 5
    },
    "fix": {
      "mean": 1.0,
      "std": 0.0,
      "count": 5
    },
    "neg_normal": {
      "mean": 0.9782608695652174,
      "std": 0.0376532784254104,
      "count": 4
    },
    "pos_normal": {
      "mean": 0.9764705882352942,
      "std": 0.04705882352941178,
      "count": 5
    }
  },
  "medium": {
    "error": {
      "mean": 1.0,
      "std": 0.0,
      "count": 3
    },
    "fix": {
      "mean": 1.0,
      "std": 0.0,
      "count": 3
    },
    "neg_normal": {
      "mean": 0.9666666666666667,
      "std": 0.04714045207910316,
      "count": 3
    },
    "pos_normal": {
      "mean": 0.9743589743589745,
      "std": 0.03626188621469472,
      "count": 3
    }
  },
  "hard": {
    "error": {
      "mean": 0.8888888888888888,
      "std": 0.15713484026367724,
      "count": 3
    },
    "fix": {
      "mean": 1.0,
      "std": 0.0,
      "count": 3
    },
    "neg_normal": {
      "mean": 0.8238440303657696,
      "std": 0.22434264452399236,
      "count": 3
    },
    "pos_normal": {
      "mean": 0.95,
      "std": 0.0,
      "count": 1
    }
  }
}