{
  "easy": {
    "error": {
      "mean": 0.07311034251221007,
      "std": 0.03681708086223679,
      "count": 5
    },
    "fix": {
      "mean": 0.07248134144092613,
      "std": 0.06972975952426488,
      "count": 5
    },
    "neg_normal": {
      "mean": 0.0718546504048612,
      "std": 0.04943997516286323,
      "count": 4
    },
    "pos_normal": {
      "mean": 0.05244709400811306,
      "std": 0.08107403384543306,
      "count": 5
    }
  },
  "medium": {
    "error": {
      "mean": 0.0610350325862948,
      "std": 0.024835602763870097,
      "count": 3
    },
    "fix": {
      "mean": 0.08488632371583198,
      "std": 0.059167943446068766,
      "count": 3
    },
    "neg_normal": {
      "mean": 0.08115210565210737,
      "std": 0.046941370303027474,
      "count": 3
    },
    "pos_normal": {
      "mean": 0.09353643720125669,
      "std": 0.027252054635210386,
      "count": 3
    }
  },
  "hard": {
    "error": {
      "mean": 0.13000092338327632,
      "std": 0.15045211724865715,
      "count": 3
    },
    "fix": {
      "mean": 0.013888888888888888,
      "std": 0.019641855032959652,
      "count": 3
    },
    "neg_normal": {
      "mean": 0.23416425946822114,
      "std": 0.22423636398862606,
      "count": 3
    },
    "pos_normal": {
      "mean": 0.10170337419458905,
      "std": 0.0,
      "count": 1
    }
  }
}