{
  "easy": {
    "error": {
      "mean": 4.1812975126753305,
      "std": 0.22159095331064435,
      "count": 5
    },
    "fix": {
      "mean": 4.007399755193334,
      "std": 0.22753234873099346,
      "count": 5
    },
    "neg_normal": {
      "mean": 3.785324022120674,
      "std": 0.1419866275752559,
      "count": 4
    },
    "pos_normal": {
      "mean": 3.822390949791136,
      "std": 0.1290728824200935,
      "count": 5
    }
  },
  "medium": {
    "error": {
      "mean": 4.010524823692717,
      "std": 0.2847462531090776,
      "count": 3
    },
    "fix": {
      "mean": 4.322385067771705,
      "std": 0.14586957325937056,
      "count": 3
    },
    "neg_normal": {
      "mean": 3.9438100617104137,
      "std": 0.12577718194741583,
      "count": 3
    },
    "pos_normal": {
      "mean": 3.963884855957321,
      "std": 0.08198738898284526,
      "count": 3
    }
  },
  "hard": {
    "error": {
      "mean": 3.6486057533426752,
      "std": 0.918018289357139,
      "count": 3
    },
    "fix": {
      "mean": 2.9423279992443447,
      "std": 1.3362489122635341,
      "count": 3
    },
    "neg_normal": {
      "mean": 4.01914876454378,
      "std": 0.03561903629944038,
      "count": 3
    },
    "pos_normal": {
      "mean": 3.969151041726139,
      "std": 0.0,
      "count": 1
    }
  }
}