{
  "easy": {
    "error": {
      "mean": 19.725,
      "std": 3.124899998399949,
      "count": 5
    },
    "fix": {
      "mean": 16.22190476190476,
      "std": 2.4120363335522987,
      "count": 5
    },
    "neg_normal": {
      "mean": 14.735481909394954,
      "std": 1.3375772374193506,
      "count": 4
    },
    "pos_normal": {
      "mean": 14.516470588235293,
      "std": 1.7642158796833438,
      "count": 5
    }
  },
  "medium": {
    "error": {
      "mean": 16.55726495726496,
      "std": 2.658107016212002,
      "count": 3
    },
    "fix": {
      "mean": 19.583333333333332,
      "std": 2.1419530720729996,
      "count": 3
    },
    "neg_normal": {
      "mean": 17.087032799389778,
      "std": 1.5504879487905037,
      "count": 3
    },
    "pos_normal": {
      "mean": 16.109697320223635,
      "std": 0.9415474375194183,
      "count": 3
    }
  },
  "hard": {
    "error": {
      "mean": 18.055555555555554,
      "std": 4.230255515733661,
      "count": 3
    },
    "fix": {
      "mean": 10.5,
      "std": 5.787918451395113,
      "count": 3
    },
    "neg_normal": {
      "mean": 16.309020013802623,
      "std": 0.5382022724787694,
      "count": 3
    },
    "pos_normal": {
      "mean": 15.925,
      "std": 0.0,
      "count": 1
    }
  }
}