{
  "easy": {
    "error": {
      "mean": 1.0,
      "std": 0.0,
      "count": 5
    },
    "fix": {
      "mean": 1.0,
      "std": 0.0,
      "count": 5
    },
    "neg_normal": {
      "mean": 1.0,
      "std": 0.0,
      "count": 4
    },
    "pos_normal": {
      "mean": 1.051764705882353,
      "std": 0.0495671382253332,
      "count": 5
    }
  },
  "medium": {
    "error": {
      "mean": 1.0,
      "std": 0.0,
      "count": 3
    },
    "fix": {
      "mean": 1.0,
      "std": 0.0,
      "count": 3
    },
    "neg_normal": {
      "mean": 1.0144927536231885,
      "std": 0.02049584873004484,
      "count": 3
    },
    "pos_normal": {
      "mean": 1.0087719298245614,
      "std": 0.01240538212607982,
      "count": 3
    }
  },
  "hard": {
    "error": {
      "mean": 1.0,
      "std": 0.0,
      "count": 3
    },
    "fix": {
      "mean": 1.0,
      "std": 0.0,
      "count": 3
    },
    "neg_normal": {
      "mean": 1.0181642512077296,
      "std": 0.016535011760603995,
      "count": 3
    },
    "pos_normal": {
      "mean": 1.0,
      "std": 0.0,
      "count": 1
    }
  }
}