{
  "easy": {
    "error": {
      "mean": 6.061518087010564,
      "std": 0.24406188677863352,
      "count": 5
    },
    "fix": {
      "mean": 5.845781734441469,
      "std": 0.2755188026853056,
      "count": 5
    },
    "neg_normal": {
      "mean": 5.608164772568697,
      "std": 0.1572882235962827,
      "count": 4
    },
    "pos_normal": {
      "mean": 5.660515743238532,
      "std": 0.14019717455379416,
      "count": 5
    }
  },
  "medium": {
    "error": {
      "mean": 5.871636952877796,
      "std": 0.27888359470934454,
      "count": 3
    },
    "fix": {
      "mean": 6.151283033295414,
      "std": 0.15198214391374648,
      "count": 3
    },
    "neg_normal": {
      "mean": 5.753074954104374,
      "std": 0.1600507912613447,
      "count": 3
    },
    "pos_normal": {
      "mean": 5.812674951045952,
      "std": 0.06416079002915491,
      "count": 3
    }
  },
  "hard": {
    "error": {
      "mean": 5.377293539886768,
      "std": 1.1231225215809113,
      "count": 3
    },
    "fix": {
      "mean": 4.607123079047503,
      "std": 1.668017918403601,
      "count": 3
    },
    "neg_normal": {
      "mean": 5.870503381546364,
      "std": 0.05750977666300068,
      "count": 3
    },
    "pos_normal": {
      "mean": 5.843864481156056,
      "std": 0.0,
      "count": 1
    }
  }
}