{
  "easy": {
    "error": {
      "mean": 0.08300498257710665,
      "std": 0.005195377039744973,
      "count": 5
    },
    "fix": {
      "mean": 0.08375477443769104,
      "std": 0.006802757877846553,
      "count": 5
    },
    "neg_normal": {
      "mean": 0.07561942669136269,
      "std": 0.007742713377614681,
      "count": 4
    },
    "pos_normal": {
      "mean": 0.07523134292619668,
      "std": 0.004529198303858249,
      "count": 5
    }
  },
  "medium": {
    "error": {
      "mean": 0.07688021908517433,
      "std": 0.017268362302050658,
      "count": 3
    },
    "fix": {
      "mean": 0.08697218618124619,
      "std": 0.004342493931528334,
      "count": 3
    },
    "neg_normal": {
      "mean": 0.07457769844743173,
      "std": 0.00753422997073883,
      "count": 3
    },
    "pos_normal": {
      "mean": 0.08152765227068225,
      "std": 0.005241083618605143,
      "count": 3
    }
  },
  "hard": {
    "error": {
      "mean": 0.07098715732123269,
      "std": 0.01639379941663905,
      "count": 3
    },
    "fix": {
      "mean": 0.04718329721004993,
      "std": 0.01333597087522802,
      "count": 3
    },
    "neg_normal": {
      "mean": 0.08278325000024271,
      "std": 0.01167103643290878,
      "count": 3
    },
    "pos_normal": {
      "mean": 0.0697033759943269,
      "std": 0.0,
      "count": 1
    }
  }
}