{
  "easy": {
    "error": {
      "mean": 0.35088946037978863,
      "std": 0.017391909903518892,
      "count": 5
    },
    "fix": {
      "mean": 0.3491957817886734,
      "std": 0.014971569907567643,
      "count": 5
    },
    "neg_normal": {
      "mean": 0.35891176907787037,
      "std": 0.011453863781162815,
      "count": 4
    },
    "pos_normal": {
      "mean": 0.3596187860440657,
      "std": 0.010731224622505895,
      "count": 5
    }
  },
  "medium": {
    "error": {
      "mean": 0.35965268397418965,
      "std": 0.015694097352574415,
      "count": 3
    },
    "fix": {
      "mean": 0.3413194635445313,
      "std": 0.00696588822807234,
      "count": 3
    },
    "neg_normal": {
      "mean": 0.3588395142663145,
      "std": 0.008994734327952565,
      "count": 3
    },
    "pos_normal": {
      "mean": 0.3495440400482129,
      "std": 0.003595926089427952,
      "count": 3
    }
  },
  "hard": {
    "error": {
      "mean": 0.3200499921332105,
      "std": 0.04852145616744471,
      "count": 3
    },
    "fix": {
      "mean": 0.31855991474119966,
      "std": 0.08550318493644664,
      "count": 3
    },
    "neg_normal": {
      "mean": 0.34260372894808233,
      "std": 0.027622359242172,
      "count": 3
    },
    "pos_normal": {
      "mean": 0.3672870317929588,
      "std": 0.0,
      "count": 1
    }
  }
}