{
  "easy": {
    "error": {
      "mean": 0.4798478615411147,
      "std": 0.0066187390797329,
      "count": 5
    },
    "fix": {
      "mean": 0.4759121062750918,
      "std": 0.005859765877985259,
      "count": 5
    },
    "neg_normal": {
      "mean": 0.4711382307044333,
      "std": 0.005841918081190535,
      "count": 4
    },
    "pos_normal": {
      "mean": 0.4737911581895132,
      "std": 0.0012411355232706698,
      "count": 5
    }
  },
  "medium": {
    "error": {
      "mean": 0.47113250665298395,
      "std": 0.010548972473097475,
      "count": 3
    },
    "fix": {
      "mean": 0.4776638849448472,
      "std": 0.007602074096960671,
      "count": 3
    },
    "neg_normal": {
      "mean": 0.46943268322551074,
      "std": 0.004829499396343153,
      "count": 3
    },
    "pos_normal": {
      "mean": 0.47725013817085965,
      "std": 0.001035018718644989,
      "count": 3
    }
  },
  "hard": {
    "error": {
      "mean": 0.42472946188624866,
      "std": 0.08244770662910242,
      "count": 3
    },
    "fix": {
      "mean": 0.39111494220629,
      "std": 0.12081355261758198,
      "count": 3
    },
    "neg_normal": {
      "mean": 0.46603611526712535,
      "std": 0.0059674344528291515,
      "count": 3
    },
    "pos_normal": {
      "mean": 0.474709630234062,
      "std": 0.0,
      "count": 1
    }
  }
}