{
  "easy": {
    "error": {
      "mean": 5.768381985683566,
      "std": 0.5572249157943993,
      "count": 5
    },
    "fix": {
      "mean": 6.184048690442657,
      "std": 0.8332076289736856,
      "count": 5
    },
    "neg_normal": {
      "mean": 6.883787442309523,
      "std": 0.43451226082822597,
      "count": 4
    },
    "pos_normal": {
      "mean": 6.8284372824792765,
      "std": 0.5774776348931152,
      "count": 5
    }
  },
  "medium": {
    "error": {
      "mean": 6.223989123580716,
      "std": 0.9573162206342999,
      "count": 3
    },
    "fix": {
      "mean": 5.188288816019124,
      "std": 0.6240418132715919,
      "count": 3
    },
    "neg_normal": {
      "mean": 6.770287466022668,
      "std": 0.7434065080610628,
      "count": 3
    },
    "pos_normal": {
      "mean": 6.3545570438248715,
      "std": 0.44410870805096186,
      "count": 3
    }
  },
  "hard": {
    "error": {
      "mean": 6.864828847087053,
      "std": 2.3129814124674124,
      "count": 3
    },
    "fix": {
      "mean": 9.364684317305196,
      "std": 2.3456580362512183,
      "count": 3
    },
    "neg_normal": {
      "mean": 5.486511510722658,
      "std": 1.3008950019968313,
      "count": 3
    },
    "pos_normal": {
      "mean": 6.840231671012847,
      "std": 0.0,
      "count": 1
    }
  }
}