{
  "easy": {
    "error": {
      "mean": 2.6821412037837447,
      "std": 0.5857267287830346,
      "count": 5
    },
    "fix": {
      "mean": 2.543094685090695,
      "std": 0.44796718855599715,
      "count": 5
    },
    "neg_normal": {
      "mean": 2.406845941047813,
      "std": 0.3139746043362214,
      "count": 4
    },
    "pos_normal": {
      "mean": 2.188685287756949,
      "std": 0.25356834734145367,
      "count": 5
    }
  },
  "medium": {
    "error": {
      "mean": 2.243762322416542,
      "std": 0.06680755575520193,
      "count": 3
    },
    "fix": {
      "mean": 2.0643073520596453,
      "std": 0.3245869829694781,
      "count": 3
    },
    "neg_normal": {
      "mean": 2.2479106039291334,
      "std": 0.021437383417141714,
      "count": 3
    },
    "pos_normal": {
      "mean": 2.3337887579780343,
      "std": 0.07035167248004634,
      "count": 3
    }
  },
  "hard": {
    "error": {
      "mean": 2.1094860174700076,
      "std": 0.14100043353333783,
      "count": 3
    },
    "fix": {
      "mean": 2.3589763679132383,
      "std": 0.7740310092542891,
      "count": 3
    },
    "neg_normal": {
      "mean": 2.271253067065024,
      "std": 0.10828944879599853,
      "count": 3
    },
    "pos_normal": {
      "mean": 2.507566921519064,
      "std": 0.0,
      "count": 1
    }
  }
}