{
  "easy": {
    "error": {
      "mean": 0.18943953903619346,
      "std": 0.02909964365236424,
      "count": 5
    },
    "fix": {
      "mean": 0.18405741817820173,
      "std": 0.023851817062092554,
      "count": 5
    },
    "neg_normal": {
      "mean": 0.20567534902326784,
      "std": 0.03304449376240282,
      "count": 4
    },
    "pos_normal": {
      "mean": 0.19019871310590478,
      "std": 0.01634293651591272,
      "count": 5
    }
  },
  "medium": {
    "error": {
      "mean": 0.17482953346674843,
      "std": 0.026448263885725732,
      "count": 3
    },
    "fix": {
      "mean": 0.1502855755170229,
      "std": 0.00948571656837856,
      "count": 3
    },
    "neg_normal": {
      "mean": 0.1990760558814241,
      "std": 0.01511040522648896,
      "count": 3
    },
    "pos_normal": {
      "mean": 0.1894427818289002,
      "std": 0.01165906922981802,
      "count": 3
    }
  },
  "hard": {
    "error": {
      "mean": 0.2895012544449483,
      "std": 0.17083231160742487,
      "count": 3
    },
    "fix": {
      "mean": 0.3741204112977683,
      "std": 0.23596248829260294,
      "count": 3
    },
    "neg_normal": {
      "mean": 0.18234511545463558,
      "std": 0.004365723597409152,
      "count": 3
    },
    "pos_normal": {
      "mean": 0.18407816221136847,
      "std": 0.0,
      "count": 1
    }
  }
}