{
  "easy": {
    "error": {
      "mean": 0.10933681813403762,
      "std": 0.015738004781118774,
      "count": 5
    },
    "fix": {
      "mean": 0.11774320002529001,
      "std": 0.019247587244511498,
      "count": 5
    },
    "neg_normal": {
      "mean": 0.12844667598426548,
      "std": 0.00696721122770692,
      "count": 4
    },
    "pos_normal": {
      "mean": 0.1260343518595652,
      "std": 0.001935556342006024,
      "count": 5
    }
  },
  "medium": {
    "error": {
      "mean": 0.12021543554011645,
      "std": 0.016777027791895705,
      "count": 3
    },
    "fix": {
      "mean": 0.1083145162267851,
      "std": 0.007137158754854349,
      "count": 3
    },
    "neg_normal": {
      "mean": 0.12868505199321553,
      "std": 0.00670318257175851,
      "count": 3
    },
    "pos_normal": {
      "mean": 0.11754891482027491,
      "std": 0.009841759020048088,
      "count": 3
    }
  },
  "hard": {
    "error": {
      "mean": 0.10246993520699782,
      "std": 0.008525475300848196,
      "count": 3
    },
    "fix": {
      "mean": 0.10837507754429115,
      "std": 0.012305180430985106,
      "count": 3
    },
    "neg_normal": {
      "mean": 0.12122117522291255,
      "std": 0.0065671336209745315,
      "count": 3
    },
    "pos_normal": {
      "mean": 0.12090134684757119,
      "std": 0.0,
      "count": 1
    }
  }
}