{
  "easy": {
    "error": {
      "mean": 0.059940040645588846,
      "std": 0.003493272427122522,
      "count": 5
    },
    "fix": {
      "mean": 0.06005497398190931,
      "std": 0.0023771627353787956,
      "count": 5
    },
    "neg_normal": {
      "mean": 0.059306104151980225,
      "std": 0.0033971966112044437,
      "count": 4
    },
    "pos_normal": {
      "mean": 0.05954101834539087,
      "std": 0.0013174952820504968,
      "count": 5
    }
  },
  "medium": {
    "error": {
      "mean": 0.06233987126189964,
      "std": 0.0008041293956739169,
      "count": 3
    },
    "fix": {
      "mean": 0.06285743754546519,
      "std": 0.0025216919070058528,
      "count": 3
    },
    "neg_normal": {
      "mean": 0.06007071242238923,
      "std": 0.0002493157715720973,
      "count": 3
    },
    "pos_normal": {
      "mean": 0.06037426199135154,
      "std": 0.0008738036798984015,
      "count": 3
    }
  },
  "hard": {
    "error": {
      "mean": 0.053752472842715913,
      "std": 0.011207027651339935,
      "count": 3
    },
    "fix": {
      "mean": 0.048135325186814314,
      "std": 0.018040201651114137,
      "count": 3
    },
    "neg_normal": {
      "mean": 0.05821638427642709,
      "std": 0.0006137341379992067,
      "count": 3
    },
    "pos_normal": {
      "mean": 0.06029315033758975,
      "std": 0.0,
      "count": 1
    }
  }
}