{
  "easy": {
    "error": {
      "mean": 0.06821000018484212,
      "std": 0.012329556021544818,
      "count": 5
    },
    "fix": {
      "mean": 0.0620594986611551,
      "std": 0.012058858713184885,
      "count": 5
    },
    "neg_normal": {
      "mean": 0.05975480939405729,
      "std": 0.003648767376783662,
      "count": 4
    },
    "pos_normal": {
      "mean": 0.06423919074194036,
      "std": 0.0027737284741016772,
      "count": 5
    }
  },
  "medium": {
    "error": {
      "mean": 0.06923590491303043,
      "std": 0.0024657901990639344,
      "count": 3
    },
    "fix": {
      "mean": 0.07535162088608799,
      "std": 0.017191969962982747,
      "count": 3
    },
    "neg_normal": {
      "mean": 0.06628331488167914,
      "std": 0.007484969400736207,
      "count": 3
    },
    "pos_normal": {
      "mean": 0.06577404020377836,
      "std": 0.002742190911209559,
      "count": 3
    }
  },
  "hard": {
    "error": {
      "mean": 0.06925065361839251,
      "std": 0.023316922399618693,
      "count": 3
    },
    "fix": {
      "mean": 0.03738468747770469,
      "std": 0.02027194089967903,
      "count": 3
    },
    "neg_normal": {
      "mean": 0.06794585614625352,
      "std": 0.00869496154135084,
      "count": 3
    },
    "pos_normal": {
      "mean": 0.05841125572906911,
      "std": 0.0,
      "count": 1
    }
  }
}