{
  "easy": {
    "error": {
      "mean": 0.34950051043548885,
      "std": 0.018970165968879224,
      "count": 5
    },
    "fix": {
      "mean": 0.3591091060069653,
      "std": 0.0198359338707046,
      "count": 5
    },
    "neg_normal": {
      "mean": 0.3623125023004176,
      "std": 0.004879534963893639,
      "count": 4
    },
    "pos_normal": {
      "mean": 0.35430732488265815,
      "std": 0.009276926014881231,
      "count": 5
    }
  },
  "medium": {
    "error": {
      "mean": 0.3527669523180487,
      "std": 0.005919433082168725,
      "count": 3
    },
    "fix": {
      "mean": 0.356577793855662,
      "std": 0.01587821224101754,
      "count": 3
    },
    "neg_normal": {
      "mean": 0.3664517934506127,
      "std": 0.010514534539156089,
      "count": 3
    },
    "pos_normal": {
      "mean": 0.35627045073849367,
      "std": 0.004567138578828503,
      "count": 3
    }
  },
  "hard": {
    "error": {
      "mean": 0.3497605340131891,
      "std": 0.005196739106126325,
      "count": 3
    },
    "fix": {
      "mean": 0.3461019366602452,
      "std": 0.031655061263583965,
      "count": 3
    },
    "neg_normal": {
      "mean": 0.3478560466146041,
      "std": 0.010015457715423544,
      "count": 3
    },
    "pos_normal": {
      "mean": 0.35460276248165856,
      "std": 0.0,
      "count": 1
    }
  }
}