{
  "easy": {
    "error": {
      "mean": 0.38385062342034804,
      "std": 0.028939456434893943,
      "count": 5
    },
    "fix": {
      "mean": 0.3940827025301108,
      "std": 0.03868910026782998,
      "count": 5
    },
    "neg_normal": {
      "mean": 0.4334837382488538,
      "std": 0.03643853037999233,
      "count": 4
    },
    "pos_normal": {
      "mean": 0.41651099414338216,
      "std": 0.017440016060787624,
      "count": 5
    }
  },
  "medium": {
    "error": {
      "mean": 0.39186515368800473,
      "std": 0.0472799223371464,
      "count": 3
    },
    "fix": {
      "mean": 0.34532605298510716,
      "std": 0.019133612463821812,
      "count": 3
    },
    "neg_normal": {
      "mean": 0.4236833520461724,
      "std": 0.020638030048909607,
      "count": 3
    },
    "pos_normal": {
      "mean": 0.40363726604227307,
      "std": 0.02023206191082894,
      "count": 3
    }
  },
  "hard": {
    "error": {
      "mean": 0.47237953415805123,
      "std": 0.15860545804958606,
      "count": 3
    },
    "fix": {
      "mean": 0.5692484659846134,
      "std": 0.2300485724199662,
      "count": 3
    },
    "neg_normal": {
      "mean": 0.3950796909913811,
      "std": 0.011759050254116487,
      "count": 3
    },
    "pos_normal": {
      "mean": 0.4020486394827724,
      "std": 0.0,
      "count": 1
    }
  }
}