{
  "error": {
    "mean": 56.7442282971471,
    "std": 0.0,
    "min": 56.7442282971471,
    "max": 56.7442282971471,
    "count": 1
  },
  "fix": {
    "mean": 56.10936710221914,
    "std": 0.0,
    "min": 56.10936710221914,
    "max": 56.10936710221914,
    "count": 1
  },
  "neg_normal": {
    "mean": 40.298757291852404,
    "std": 2.48743642876124,
    "min": 37.37710490354484,
    "max": 43.45633640617908,
    "count": 3
  },
  "pos_normal": {
    "mean": 42.65509079403742,
    "std": 3.9558072528937283,
    "min": 37.84274912721117,
    "max": 47.53181668540127,
    "count": 3
  }
}