{
  "error": {
    "mean": 42.160361014479804,
    "std": 5.401323191952693,
    "min": 33.729601734155445,
    "max": 47.70315565577004,
    "count": 4
  },
  "fix": {
    "mean": 43.4836866334838,
    "std": 2.5486916636236345,
    "min": 41.26142240929444,
    "max": 48.534289314499404,
    "count": 7
  },
  "neg_normal": {
    "mean": 48.67057990163119,
    "std": 6.764119248904761,
    "min": 38.84949694700688,
    "max": 62.76380814799434,
    "count": 13
  },
  "pos_normal": {
    "mean": 44.80862475310884,
    "std": 6.769806112960086,
    "min": 37.170912172917625,
    "max": 62.11484513521782,
    "count": 15
  }
}