{
  "error": {
    "mean": 56.03944753271654,
    "std": 5.872394200019944,
    "min": 50.1670533326966,
    "max": 61.911841732736484,
    "count": 2
  },
  "fix": {
    "mean": 41.00556491640181,
    "std": 8.59413808738453,
    "min": 35.28174653382695,
    "max": 55.86865887330319,
    "count": 4
  },
  "neg_normal": {
    "mean": null,
    "std": null,
    "min": null,
    "max": null,
    "count": 0
  },
  "pos_normal": {
    "mean": 42.42499759578054,
    "std": 4.051097558730806,
    "min": 35.28249410871224,
    "max": 55.86869156870796,
    "count": 18
  }
}