{
  "error": {
    "mean": 43.13680616326909,
    "std": 6.2703323751264755,
    "min": 34.87893603047618,
    "max": 54.22867391354663,
    "count": 5
  },
  "fix": {
    "mean": 49.133267116155935,
    "std": 7.616229129176975,
    "min": 39.5706051492038,
    "max": 58.20727107827143,
    "count": 3
  },
  "neg_normal": {
    "mean": 46.85194891439795,
    "std": 6.657689634476397,
    "min": 38.167860467823914,
    "max": 62.96923926284282,
    "count": 19
  },
  "pos_normal": {
    "mean": 47.347790104254216,
    "std": 7.375604326290278,
    "min": 35.632617203064605,
    "max": 60.401744069139674,
    "count": 38
  }
}