{
  "error": {
    "mean": 42.61045946935066,
    "std": 3.0277430486172987,
    "min": 35.80793249977459,
    "max": 48.1677075910791,
    "count": 13
  },
  "fix": {
    "mean": 36.94398384029052,
    "std": 2.6510325902188274,
    "min": 29.520537090884794,
    "max": 40.417441668692135,
    "count": 12
  },
  "neg_normal": {
    "mean": 45.36660905905698,
    "std": 6.141777207405157,
    "min": 36.88654620828863,
    "max": 61.107093727742196,
    "count": 46
  },
  "pos_normal": {
    "mean": 44.3992961600137,
    "std": 6.73851761583017,
    "min": 36.62883084099494,
    "max": 53.59573078952869,
    "count": 28
  }
}