{
  "error": {
    "mean": 45.34688925372018,
    "std": 6.374910203956841,
    "min": 39.24627392234976,
    "max": 54.14576975070497,
    "count": 3
  },
  "fix": {
    "mean": 30.516740928507524,
    "std": 30.516740928507524,
    "min": 0.0,
    "max": 61.03348185701505,
    "count": 2
  },
  "neg_normal": {
    "mean": 42.375798573168396,
    "std": 5.867263097482858,
    "min": 33.656794109184816,
    "max": 55.33034934872127,
    "count": 69
  },
  "pos_normal": {
    "mean": null,
    "std": null,
    "min": null,
    "max": null,
    "count": 0
  }
}