{
  "error": {
    "mean": 41.75,
    "std": 17.383541066192468,
    "min": 20.0,
    "max": 66.0,
    "count": 4
  },
  "fix": {
    "mean": 22.857142857142858,
    "std": 6.127888739864918,
    "min": 16.0,
    "max": 31.0,
    "count": 7
  },
  "neg_normal": {
    "mean": 22.23076923076923,
    "std": 13.661590436491569,
    "min": 5.0,
    "max": 47.0,
    "count": 13
  },
  "pos_normal": {
    "mean": 21.066666666666666,
    "std": 12.008145383678345,
    "min": 6.0,
    "max": 48.0,
    "count": 15
  }
}