{
  "error": {
    "mean": 27.25,
    "std": 17.25362280797862,
    "min": 16.0,
    "max": 57.0,
    "count": 4
  },
  "fix": {
    "mean": 25.833333333333332,
    "std": 7.754926749421228,
    "min": 17.0,
    "max": 40.0,
    "count": 6
  },
  "neg_normal": {
    "mean": 23.78787878787879,
    "std": 7.968717534009018,
    "min": 5.0,
    "max": 36.0,
    "count": 33
  },
  "pos_normal": {
    "mean": 30.205882352941178,
    "std": 14.10419089108062,
    "min": 15.0,
    "max": 63.0,
    "count": 34
  }
}