{
  "error": {
    "mean": 29.0,
    "std": 5.0,
    "min": 24.0,
    "max": 34.0,
    "count": 2
  },
  "fix": {
    "mean": 19.5,
    "std": 0.5,
    "min": 19.0,
    "max": 20.0,
    "count": 2
  },
  "neg_normal": {
    "mean": 25.36,
    "std": 9.66594020258764,
    "min": 12.0,
    "max": 52.0,
    "count": 25
  },
  "pos_normal": {
    "mean": 25.475,
    "std": 9.653982338910716,
    "min": 15.0,
    "max": 49.0,
    "count": 40
  }
}