{
  "error": {
    "mean": 0.15133211265874613,
    "std": 0.0,
    "min": 0.15133211265874613,
    "max": 0.15133211265874613,
    "count": 1
  },
  "fix": {
    "mean": 0.1534862492040969,
    "std": 0.0,
    "min": 0.1534862492040969,
    "max": 0.1534862492040969,
    "count": 1
  },
  "neg_normal": {
    "mean": 0.10785632993280288,
    "std": 0.024038172549951234,
    "min": 0.08781698986786057,
    "max": 0.14165769979167506,
    "count": 3
  },
  "pos_normal": {
    "mean": 0.12119373752724194,
    "std": 0.035565126083851095,
    "min": 0.07615514215334297,
    "max": 0.16310274859783877,
    "count": 3
  }
}