{
  "error": {
    "mean": 0.11805943566709837,
    "std": 0.024283947361067478,
    "min": 0.0935923714644988,
    "max": 0.15843410909334932,
    "count": 4
  },
  "fix": {
    "mean": 0.16826251921527483,
    "std": 0.09253370151351918,
    "min": 0.08962660628467553,
    "max": 0.32946643242121076,
    "count": 7
  },
  "neg_normal": {
    "mean": 0.19295046072184385,
    "std": 0.10288238524151147,
    "min": 0.06607505274442699,
    "max": 0.41196550861780684,
    "count": 13
  },
  "pos_normal": {
    "mean": 0.1571189516886728,
    "std": 0.0897071630987081,
    "min": 0.08980928299481124,
    "max": 0.4203922729270093,
    "count": 15
  }
}