{
  "error": {
    "mean": 0.24570336693258016,
    "std": 0.02796144896588272,
    "min": 0.21774191796669742,
    "max": 0.27366481589846287,
    "count": 2
  },
  "fix": {
    "mean": 0.10514660060260778,
    "std": 0.003748205886546784,
    "min": 0.10232277609002181,
    "max": 0.11159933076122908,
    "count": 4
  },
  "neg_normal": {
    "mean": null,
    "std": null,
    "min": null,
    "max": null,
    "count": 0
  },
  "pos_normal": {
    "mean": 0.11215214184743154,
    "std": 0.02359141405580081,
    "min": 0.08343359241932896,
    "max": 0.1554921610189428,
    "count": 18
  }
}