{
  "error": {
    "mean": 0.13212569220678377,
    "std": 0.045658744584698804,
    "min": 0.09135711736715665,
    "max": 0.22128436111826225,
    "count": 5
  },
  "fix": {
    "mean": 0.1146475225468575,
    "std": 0.007965038793257629,
    "min": 0.1071747195295722,
    "max": 0.12568328538138251,
    "count": 3
  },
  "neg_normal": {
    "mean": 0.1614552742128822,
    "std": 0.08032803386918747,
    "min": 0.08182465047501086,
    "max": 0.3623016943734317,
    "count": 19
  },
  "pos_normal": {
    "mean": 0.18687411231117937,
    "std": 0.1014728488761662,
    "min": 0.07561519926662075,
    "max": 0.3906335114396933,
    "count": 38
  }
}