{
  "error": {
    "mean": 0.14707619870395117,
    "std": 0.037992333374827526,
    "min": 0.10908386532912363,
    "max": 0.18506853207877869,
    "count": 2
  },
  "fix": {
    "mean": 0.11877688564420584,
    "std": 0.012963058404918501,
    "min": 0.10581382723928734,
    "max": 0.13173994404912434,
    "count": 2
  },
  "neg_normal": {
    "mean": 0.16828965334855295,
    "std": 0.09305887030274711,
    "min": 0.08468636977984527,
    "max": 0.42633695938977517,
    "count": 25
  },
  "pos_normal": {
    "mean": 0.16817138491051425,
    "std": 0.07500043610706668,
    "min": 0.05248056777599359,
    "max": 0.3819748452827481,
    "count": 40
  }
}