{
  "error": {
    "mean": 0.12660470435940235,
    "std": 0.1136544270568221,
    "min": 0.0,
    "max": 0.27566502882141086,
    "count": 3
  },
  "fix": {
    "mean": 0.1355260550374796,
    "std": 0.0,
    "min": 0.1355260550374796,
    "max": 0.1355260550374796,
    "count": 2
  },
  "neg_normal": {
    "mean": 0.1259153344993821,
    "std": 0.048833407361334735,
    "min": 0.06144306377589993,
    "max": 0.3012583367133022,
    "count": 28
  },
  "pos_normal": {
    "mean": null,
    "std": null,
    "min": null,
    "max": null,
    "count": 0
  }
}