{
  "error": {
    "mean": 120.61797967566051,
    "std": 40.13391831926549,
    "min": 77.93354255147217,
    "max": 195.88678925910017,
    "count": 5
  },
  "fix": {
    "mean": 149.34813473894215,
    "std": 37.19841555502756,
    "min": 99.02894816817786,
    "max": 187.79560885044683,
    "count": 3
  },
  "neg_normal": {
    "mean": 133.21671788174788,
    "std": 37.48569963488849,
    "min": 78.82682134769601,
    "max": 207.79288952676416,
    "count": 19
  },
  "pos_normal": {
    "mean": 135.23411696592413,
    "std": 34.0521045435326,
    "min": 93.02661917729417,
    "max": 220.3098497262547,
    "count": 38
  }
}