{
  "error": {
    "mean": 94.59896105646688,
    "std": 10.341138507004999,
    "min": 84.25782254946188,
    "max": 104.94009956347188,
    "count": 2
  },
  "fix": {
    "mean": 123.83751337432493,
    "std": 5.866459357839247,
    "min": 117.97105401648568,
    "max": 129.70397273216417,
    "count": 2
  },
  "neg_normal": {
    "mean": 124.94641577562568,
    "std": 23.609437035994404,
    "min": 93.76369883908689,
    "max": 177.25589114112407,
    "count": 25
  },
  "pos_normal": {
    "mean": 133.83205427446484,
    "std": 31.229325633317004,
    "min": 85.9121751128217,
    "max": 203.8509538046128,
    "count": 40
  }
}