{
  "error": {
    "mean": 132.46599987444878,
    "std": 28.325122148065873,
    "min": 103.81827542904693,
    "max": 171.03753683369965,
    "count": 3
  },
  "fix": {
    "mean": 91.78467688026157,
    "std": 91.78467688026157,
    "min": 0.0,
    "max": 183.56935376052314,
    "count": 2
  },
  "neg_normal": {
    "mean": 108.81200516550487,
    "std": 33.10074514672207,
    "min": 59.77612982292992,
    "max": 174.418230920616,
    "count": 69
  },
  "pos_normal": {
    "mean": null,
    "std": null,
    "min": null,
    "max": null,
    "count": 0
  }
}