{
  "error": {
    "mean": 1.6674753318789683,
    "std": 0.3392915928509665,
    "min": 1.3975258031512758,
    "max": 2.1459957503032197,
    "count": 3
  },
  "fix": {
    "mean": 1.2470638348697367,
    "std": 0.13070426860516712,
    "min": 1.0804179035073351,
    "max": 1.4469029492273395,
    "count": 4
  },
  "neg_normal": {
    "mean": 1.5770374769230293,
    "std": 0.47515414562938113,
    "min": 1.0747185372462538,
    "max": 2.455589987145707,
    "count": 10
  },
  "pos_normal": {
    "mean": 1.5207852614068886,
    "std": 0.39760300663859405,
    "min": 0.8247996120944583,
    "max": 2.455589987145707,
    "count": 26
  }
}