{
  "error": {
    "mean": 1.7048731609050887,
    "std": 0.17487601252536145,
    "min": 1.5299971483797272,
    "max": 1.8797491734304501,
    "count": 2
  },
  "fix": {
    "mean": 1.3496676466044035,
    "std": 0.014679975969534742,
    "min": 1.334987670634869,
    "max": 1.3643476225739384,
    "count": 2
  },
  "neg_normal": {
    "mean": 1.6483661189945567,
    "std": 0.3768480975912808,
    "min": 0.9989459397626138,
    "max": 2.555377717570805,
    "count": 25
  },
  "pos_normal": {
    "mean": 1.7804432328596511,
    "std": 0.6234634032887231,
    "min": 0.8194986135502497,
    "max": 3.3605857786443347,
    "count": 40
  }
}