{
  "error": {
    "mean": 1.5586407199977623,
    "std": 0.3200569664058261,
    "min": 1.0845253931125218,
    "max": 2.1202057547153417,
    "count": 13
  },
  "fix": {
    "mean": 1.2068142333476746,
    "std": 0.1229721951681522,
    "min": 1.0133893169755235,
    "max": 1.3617219308086996,
    "count": 12
  },
  "neg_normal": {
    "mean": 1.528632333446666,
    "std": 0.5564516868520523,
    "min": 0.8715938512902669,
    "max": 2.7290660681209054,
    "count": 46
  },
  "pos_normal": {
    "mean": 1.6810003244674523,
    "std": 0.5053136791130524,
    "min": 1.0321052158771133,
    "max": 2.374690392787576,
    "count": 28
  }
}