{
  "error": {
    "mean": 1.42539745675424,
    "std": 1.0729620638894175,
    "min": 0.0,
    "max": 2.588710159090964,
    "count": 3
  },
  "fix": {
    "mean": 2.612822013638786,
    "std": 0.0,
    "min": 2.612822013638786,
    "max": 2.612822013638786,
    "count": 2
  },
  "neg_normal": {
    "mean": 1.5016724479016017,
    "std": 0.2522165717706672,
    "min": 1.078658997762635,
    "max": 2.1449923803502995,
    "count": 28
  },
  "pos_normal": {
    "mean": null,
    "std": null,
    "min": null,
    "max": null,
    "count": 0
  }
}