{
  "error": {
    "mean": 0.3521091464189376,
    "std": 0.018820943163513383,
    "min": 0.3343400046206336,
    "max": 0.38376674368328917,
    "count": 4
  },
  "fix": {
    "mean": 0.3535711157231954,
    "std": 0.021648960499041872,
    "min": 0.3231046845569656,
    "max": 0.3849222597537073,
    "count": 7
  },
  "neg_normal": {
    "mean": 0.3623591633504114,
    "std": 0.06665825698308608,
    "min": 0.3079087525110243,
    "max": 0.5829236647984731,
    "count": 13
  },
  "pos_normal": {
    "mean": 0.35771827110366744,
    "std": 0.021440163507361925,
    "min": 0.3049948618834868,
    "max": 0.392465099650758,
    "count": 15
  }
}