{
  "error": {
    "mean": 0.33392645576097424,
    "std": 0.004034062490733681,
    "min": 0.32989239327024056,
    "max": 0.3379605182517079,
    "count": 2
  },
  "fix": {
    "mean": 0.3550204046047186,
    "std": 0.035553962809643416,
    "min": 0.29703009968987126,
    "max": 0.39388685072398244,
    "count": 4
  },
  "neg_normal": {
    "mean": null,
    "std": null,
    "min": null,
    "max": null,
    "count": 0
  },
  "pos_normal": {
    "mean": 0.33880430143242396,
    "std": 0.025692577388728485,
    "min": 0.29702978671603697,
    "max": 0.39387913531359897,
    "count": 18
  }
}