{
  "error": {
    "mean": 0.34282023041671283,
    "std": 0.026960093145325104,
    "min": 0.31586013727138773,
    "max": 0.36978032356203794,
    "count": 2
  },
  "fix": {
    "mean": 0.37742941283825415,
    "std": 0.009756143461397998,
    "min": 0.3676732693768562,
    "max": 0.3871855562996522,
    "count": 2
  },
  "neg_normal": {
    "mean": 0.34490360343465126,
    "std": 0.019516770684189617,
    "min": 0.3098095165622468,
    "max": 0.3815859230076143,
    "count": 25
  },
  "pos_normal": {
    "mean": 0.35460276248165856,
    "std": 0.01946440997105297,
    "min": 0.32232314610712154,
    "max": 0.40542546133971175,
    "count": 40
  }
}