{
  "error": {
    "mean": 0.3545012442631675,
    "std": 0.021748054751607526,
    "min": 0.3159108311843346,
    "max": 0.37828937968192505,
    "count": 13
  },
  "fix": {
    "mean": 0.37581265231014166,
    "std": 0.02071198224614854,
    "min": 0.3409881887568447,
    "max": 0.3960069516766143,
    "count": 12
  },
  "neg_normal": {
    "mean": 0.37963319172748966,
    "std": 0.05867549776493376,
    "min": 0.31806941142622425,
    "max": 0.5676183772214833,
    "count": 46
  },
  "pos_normal": {
    "mean": 0.3610960270025535,
    "std": 0.033048364296727764,
    "min": 0.2968460396325472,
    "max": 0.40039779682384613,
    "count": 28
  }
}