{
  "error": {
    "mean": 0.35113705606926443,
    "std": 0.020941517694448252,
    "min": 0.32425402652342494,
    "max": 0.37533950885187806,
    "count": 3
  },
  "fix": {
    "mean": 0.3581330768457357,
    "std": 0.01686692305225035,
    "min": 0.34126615379348535,
    "max": 0.37499999989798605,
    "count": 2
  },
  "neg_normal": {
    "mean": 0.3613292011178721,
    "std": 0.03649109622358029,
    "min": 0.2998827245336016,
    "max": 0.5980899051508544,
    "count": 69
  },
  "pos_normal": {
    "mean": null,
    "std": null,
    "min": null,
    "max": null,
    "count": 0
  }
}