{
  "error": {
    "mean": 0.3553243155535899,
    "std": 0.014030607372267346,
    "min": 0.34326442499505505,
    "max": 0.37499999989819216,
    "count": 3
  },
  "fix": {
    "mean": 0.3027433202967458,
    "std": 2.931060847921607e-06,
    "min": 0.30274038923589786,
    "max": 0.3027462513575937,
    "count": 2
  },
  "neg_normal": {
    "mean": 0.337335335291289,
    "std": 0.01648322553133655,
    "min": 0.3154973315325609,
    "max": 0.37807663857275814,
    "count": 28
  },
  "pos_normal": {
    "mean": null,
    "std": null,
    "min": null,
    "max": null,
    "count": 0
  }
}