{
  "error": {
    "mean": 0.4886895012141641,
    "std": 0.0,
    "min": 0.4886895012141641,
    "max": 0.4886895012141641,
    "count": 1
  },
  "fix": {
    "mean": 0.48689680317788553,
    "std": 0.0,
    "min": 0.48689680317788553,
    "max": 0.48689680317788553,
    "count": 1
  },
  "neg_normal": {
    "mean": 0.47922432412837956,
    "std": 0.007842611779355484,
    "min": 0.4704541430314978,
    "max": 0.4894892770840925,
    "count": 3
  },
  "pos_normal": {
    "mean": 0.47519645439222796,
    "std": 0.013661697440225377,
    "min": 0.456800625825998,
    "max": 0.48950886610361477,
    "count": 3
  }
}