{
  "error": {
    "mean": 0.4840151291594522,
    "std": 0.016733707987256857,
    "min": 0.45521738659028577,
    "max": 0.49665044038178174,
    "count": 4
  },
  "fix": {
    "mean": 0.47458674625716485,
    "std": 0.015342867829674256,
    "min": 0.4474405993027446,
    "max": 0.48788776231537845,
    "count": 6
  },
  "neg_normal": {
    "mean": 0.4686058968340194,
    "std": 0.017821401494146013,
    "min": 0.4273507485822259,
    "max": 0.49848172322928785,
    "count": 33
  },
  "pos_normal": {
    "mean": 0.47379199297885133,
    "std": 0.013288216564359075,
    "min": 0.44744059930274294,
    "max": 0.49604463178180924,
    "count": 34
  }
}