{
  "error": {
    "mean": 0.4640478510411595,
    "std": 0.01625739495434845,
    "min": 0.44069996652048127,
    "max": 0.4840358740330526,
    "count": 5
  },
  "fix": {
    "mean": 0.48615513673772126,
    "std": 0.007862931267872913,
    "min": 0.47979016984140477,
    "max": 0.49723407062209046,
    "count": 3
  },
  "neg_normal": {
    "mean": 0.4719458690724879,
    "std": 0.018958135579010816,
    "min": 0.41833478176766414,
    "max": 0.49596958759752163,
    "count": 19
  },
  "pos_normal": {
    "mean": 0.4783980766286984,
    "std": 0.009665238146053428,
    "min": 0.4482688404966003,
    "max": 0.49723407062209035,
    "count": 38
  }
}