{
  "error": {
    "mean": 0.48604483760329487,
    "std": 0.004872783461839703,
    "min": 0.4794744242256309,
    "max": 0.49112956618249903,
    "count": 3
  },
  "fix": {
    "mean": 0.4791288875695127,
    "std": 0.009274184423031547,
    "min": 0.4638547646195661,
    "max": 0.4883635426213888,
    "count": 4
  },
  "neg_normal": {
    "mean": 0.47367600114701175,
    "std": 0.011646203352646755,
    "min": 0.45069016701272313,
    "max": 0.49551284462391765,
    "count": 10
  },
  "pos_normal": {
    "mean": 0.4758896744443884,
    "std": 0.013276459494535516,
    "min": 0.450891130282125,
    "max": 0.49730251491511956,
    "count": 26
  }
}