{
  "error": {
    "mean": 0.47949348884237797,
    "std": 0.002320393984224345,
    "min": 0.4771730948581536,
    "max": 0.4818138828266023,
    "count": 2
  },
  "fix": {
    "mean": 0.47597570860025673,
    "std": 0.005788550802968584,
    "min": 0.47018715779728815,
    "max": 0.4817642594032253,
    "count": 2
  },
  "neg_normal": {
    "mean": 0.4631601741602755,
    "std": 0.019169426787435963,
    "min": 0.42607985950594274,
    "max": 0.4962570747624441,
    "count": 25
  },
  "pos_normal": {
    "mean": 0.474709630234062,
    "std": 0.018579491686585955,
    "min": 0.3917511323333265,
    "max": 0.4974962567247716,
    "count": 40
  }
}