{
  "error": {
    "mean": 0.46330483131449757,
    "std": 0.022353105458941255,
    "min": 0.4174026764511778,
    "max": 0.4840678438267123,
    "count": 13
  },
  "fix": {
    "mean": 0.46770763052730757,
    "std": 0.016483091236083623,
    "min": 0.4517445257649144,
    "max": 0.494507380491076,
    "count": 12
  },
  "neg_normal": {
    "mean": 0.46267617945703265,
    "std": 0.03294648965200973,
    "min": 0.3284209320179603,
    "max": 0.4944698772174795,
    "count": 46
  },
  "pos_normal": {
    "mean": 0.47746266343949223,
    "std": 0.019262262620192264,
    "min": 0.44141078567402214,
    "max": 0.49851661947181014,
    "count": 28
  }
}