{
  "error": {
    "mean": 0.308200869638951,
    "std": 0.21897443835180827,
    "min": 0.0,
    "max": 0.48845230716540844,
    "count": 3
  },
  "fix": {
    "mean": 0.4771090873884029,
    "std": 1.6653345369377348e-16,
    "min": 0.47710908738840274,
    "max": 0.4771090873884031,
    "count": 2
  },
  "neg_normal": {
    "mean": 0.4743451943909097,
    "std": 0.01848696231028365,
    "min": 0.4131117143991452,
    "max": 0.4954470327369481,
    "count": 28
  },
  "pos_normal": {
    "mean": null,
    "std": null,
    "min": null,
    "max": null,
    "count": 0
  }
}