{
  "error": {
    "mean": 0.05417554399780965,
    "std": 0.0,
    "min": 0.05417554399780965,
    "max": 0.05417554399780965,
    "count": 1
  },
  "fix": {
    "mean": 0.04968166399114585,
    "std": 0.0,
    "min": 0.04968166399114585,
    "max": 0.04968166399114585,
    "count": 1
  },
  "neg_normal": {
    "mean": 0.06415357813699778,
    "std": 0.006323123884189344,
    "min": 0.05527348994217046,
    "max": 0.06950514224037678,
    "count": 3
  },
  "pos_normal": {
    "mean": 0.06496324884781436,
    "std": 0.015525840900270574,
    "min": 0.04334182146613738,
    "max": 0.07908500647900207,
    "count": 3
  }
}