{
  "error": {
    "mean": 0.05821177043023291,
    "std": 0.02155465051713979,
    "min": 0.03665711991309312,
    "max": 0.0797664209473727,
    "count": 2
  },
  "fix": {
    "mean": 0.08326608688601969,
    "std": 0.022579509460697585,
    "min": 0.04869078330037323,
    "max": 0.10340722475566495,
    "count": 4
  },
  "neg_normal": {
    "mean": null,
    "std": null,
    "min": null,
    "max": null,
    "count": 0
  },
  "pos_normal": {
    "mean": 0.06196205339894245,
    "std": 0.012279941938459419,
    "min": 0.039072936523425514,
    "max": 0.07921625082013964,
    "count": 18
  }
}