{
  "error": {
    "mean": 0.09745865426414296,
    "std": 0.021224688094125303,
    "min": 0.07623396617001767,
    "max": 0.11868334235826827,
    "count": 2
  },
  "fix": {
    "mean": 0.06012435525628164,
    "std": 0.009264421435892622,
    "min": 0.05085993382038902,
    "max": 0.06938877669217426,
    "count": 2
  },
  "neg_normal": {
    "mean": 0.06041818201108295,
    "std": 0.016430997788262725,
    "min": 0.026810741734309987,
    "max": 0.09598597443820345,
    "count": 25
  },
  "pos_normal": {
    "mean": 0.05841125572906911,
    "std": 0.01760357146167502,
    "min": 0.030064199338765387,
    "max": 0.09392876349680923,
    "count": 40
  }
}