{
  "error": {
    "mean": 0.06972146283926224,
    "std": 0.01185782044217006,
    "min": 0.061822618465566956,
    "max": 0.10788177620030451,
    "count": 13
  },
  "fix": {
    "mean": 0.0959037859577626,
    "std": 0.022397648894884336,
    "min": 0.07285060565983595,
    "max": 0.1619204516936443,
    "count": 12
  },
  "neg_normal": {
    "mean": 0.06238383803092384,
    "std": 0.016101057239129416,
    "min": 0.03236188143675457,
    "max": 0.11711337089101666,
    "count": 46
  },
  "pos_normal": {
    "mean": 0.06803814969762124,
    "std": 0.026811653607288998,
    "min": 0.03402063596143946,
    "max": 0.11096800992881588,
    "count": 28
  }
}