{
  "error": {
    "mean": 0.06993684700492377,
    "std": 0.015267993398175903,
    "min": 0.05262002813306841,
    "max": 0.08976500450110912,
    "count": 3
  },
  "fix": {
    "mean": 0.010895064775404265,
    "std": 0.010895064775404265,
    "min": 0.0,
    "max": 0.02179012955080853,
    "count": 2
  },
  "neg_normal": {
    "mean": 0.0801301519836665,
    "std": 0.028086465966024505,
    "min": 0.02989104924550219,
    "max": 0.18748380376540597,
    "count": 69
  },
  "pos_normal": {
    "mean": null,
    "std": null,
    "min": null,
    "max": null,
    "count": 0
  }
}