{
  "error": {
    "mean": 0.04035645958611083,
    "std": 0.0369882485295123,
    "min": 0.0,
    "max": 0.08935678023283967,
    "count": 3
  },
  "fix": {
    "mean": 0.04113464240142817,
    "std": 1.0996518472368433e-06,
    "min": 0.04113354274958093,
    "max": 0.0411357420532754,
    "count": 2
  },
  "neg_normal": {
    "mean": 0.0632892344440111,
    "std": 0.01568213639353112,
    "min": 0.03678145393093489,
    "max": 0.09421992724440995,
    "count": 28
  },
  "pos_normal": {
    "mean": null,
    "std": null,
    "min": null,
    "max": null,
    "count": 0
  }
}