{
  "error": {
    "mean": 39.4365957005557,
    "std": 2.6363755527623822,
    "min": 35.41102717597305,
    "max": 43.956719463225646,
    "count": 8
  },
  "fix": {
    "mean": 47.51902488682453,
    "std": 5.627695182797857,
    "min": 40.36250462806229,
    "max": 55.55722630534689,
    "count": 10
  },
  "neg_normal": {
    "mean": 47.46814750285917,
    "std": 5.5096229045799925,
    "min": 38.50410777464749,
    "max": 54.801517200349814,
    "count": 23
  },
  "pos_normal": {
    "mean": 44.42225518246918,
    "std": 4.8258947436171455,
    "min": 34.80229215883629,
    "max": 54.41089046476766,
    "count": 30
  }
}