{
  "error": {
    "mean": 48.91783669497985,
    "std": 9.600344799148123,
    "min": 39.060473206637525,
    "max": 61.210886721327064,
    "count": 4
  },
  "fix": {
    "mean": 48.6304545493748,
    "std": 10.942026277661153,
    "min": 36.053199414094806,
    "max": 62.12501573623198,
    "count": 6
  },
  "neg_normal": {
    "mean": 47.375355453141445,
    "std": 7.808200882476559,
    "min": 36.495477957965285,
    "max": 62.21876094256792,
    "count": 33
  },
  "pos_normal": {
    "mean": 47.718095752727656,
    "std": 7.188957644023197,
    "min": 36.05293770158496,
    "max": 62.12478537335974,
    "count": 34
  }
}