{
  "error": {
    "mean": 44.79599772620713,
    "std": 3.136946387384018,
    "min": 42.03557719560654,
    "max": 49.18381631485366,
    "count": 3
  },
  "fix": {
    "mean": 41.06515405078013,
    "std": 2.581008640415733,
    "min": 38.80044100288634,
    "max": 45.320379968174315,
    "count": 4
  },
  "neg_normal": {
    "mean": 42.69382520113461,
    "std": 6.731659777949962,
    "min": 36.068766160467426,
    "max": 54.71672995969216,
    "count": 10
  },
  "pos_normal": {
    "mean": 44.29784420419033,
    "std": 5.235065510919033,
    "min": 38.02109139730632,
    "max": 53.77550194889237,
    "count": 26
  }
}