{
  "error": {
    "mean": 40.67222364580009,
    "std": 5.460282916914917,
    "min": 35.211940728885175,
    "max": 46.13250656271501,
    "count": 2
  },
  "fix": {
    "mean": 42.529921588233854,
    "std": 0.1706701844165579,
    "min": 42.3592514038173,
    "max": 42.70059177265041,
    "count": 2
  },
  "neg_normal": {
    "mean": 46.41792134212088,
    "std": 4.817412724811517,
    "min": 40.05502423141118,
    "max": 59.58076648229873,
    "count": 25
  },
  "pos_normal": {
    "mean": 46.910943680800166,
    "std": 5.807213843279996,
    "min": 35.38552911893894,
    "max": 57.94100154398482,
    "count": 40
  }
}