{
  "error": {
    "mean": 32.65706857899388,
    "std": 23.938054406019425,
    "min": 0.0,
    "max": 56.71105282227907,
    "count": 3
  },
  "fix": {
    "mean": 57.61044388066237,
    "std": 0.00024589632437610476,
    "min": 57.610197984337994,
    "max": 57.610689776986746,
    "count": 2
  },
  "neg_normal": {
    "mean": 44.99548146718795,
    "std": 3.7782723289779447,
    "min": 39.193931045913345,
    "max": 53.240731531844595,
    "count": 28
  },
  "pos_normal": {
    "mean": null,
    "std": null,
    "min": null,
    "max": null,
    "count": 0
  }
}