{
  "error": {
    "mean": 0.42709718162222865,
    "std": 0.0,
    "min": 0.42709718162222865,
    "max": 0.42709718162222865,
    "count": 1
  },
  "fix": {
    "mean": 0.4312724080881816,
    "std": 0.0,
    "min": 0.4312724080881816,
    "max": 0.4312724080881816,
    "count": 1
  },
  "neg_normal": {
    "mean": 0.5288775068996122,
    "std": 0.006657360090967841,
    "min": 0.521995518706389,
    "max": 0.5378826131403551,
    "count": 3
  },
  "pos_normal": {
    "mean": 0.5220166447371278,
    "std": 0.012060616298614577,
    "min": 0.5049674403092009,
    "max": 0.5309668870980204,
    "count": 3
  }
}