{
  "error": {
    "mean": 0.4895804431935468,
    "std": 0.02910737418627448,
    "min": 0.4594629607981175,
    "max": 0.5295238610127141,
    "count": 4
  },
  "fix": {
    "mean": 0.5138460550251124,
    "std": 0.03887377563973593,
    "min": 0.4448755130747053,
    "max": 0.549852315852283,
    "count": 7
  },
  "neg_normal": {
    "mean": 0.48066375534333494,
    "std": 0.05120775039412238,
    "min": 0.39043187858756223,
    "max": 0.5740042246345,
    "count": 13
  },
  "pos_normal": {
    "mean": 0.5168389344474874,
    "std": 0.04986713184950205,
    "min": 0.388772638759499,
    "max": 0.5712147232322149,
    "count": 15
  }
}