{
  "error": {
    "mean": 0.5429183135402685,
    "std": 0.029154567439004242,
    "min": 0.4883329968144769,
    "max": 0.5797482440532785,
    "count": 8
  },
  "fix": {
    "mean": 0.5109878753768341,
    "std": 0.044281323911432864,
    "min": 0.42901826637852963,
    "max": 0.564673497855412,
    "count": 10
  },
  "neg_normal": {
    "mean": 0.5065786686456477,
    "std": 0.04163217400768771,
    "min": 0.4132328432195197,
    "max": 0.5695973966095146,
    "count": 23
  },
  "pos_normal": {
    "mean": 0.5213225166120704,
    "std": 0.03998316763907408,
    "min": 0.41077901520869037,
    "max": 0.579784304425867,
    "count": 30
  }
}