{
  "error": {
    "mean": 0.40083316873023833,
    "std": 0.018153121895418955,
    "min": 0.3826800468348194,
    "max": 0.4189862906256573,
    "count": 2
  },
  "fix": {
    "mean": 0.5091560970666758,
    "std": 0.05590817898006724,
    "min": 0.41465431732580627,
    "max": 0.5605807027700713,
    "count": 4
  },
  "neg_normal": {
    "mean": null,
    "std": null,
    "min": null,
    "max": null,
    "count": 0
  },
  "pos_normal": {
    "mean": 0.5252116257130862,
    "std": 0.03195775908206314,
    "min": 0.41465431732580627,
    "max": 0.5605807027700713,
    "count": 18
  }
}