{
  "error": {
    "mean": 0.4895633987510235,
    "std": 0.06813257257436536,
    "min": 0.3979249535895062,
    "max": 0.5712360144639272,
    "count": 4
  },
  "fix": {
    "mean": 0.48541645233981806,
    "std": 0.06114792461400593,
    "min": 0.4173917835374531,
    "max": 0.557923983154156,
    "count": 6
  },
  "neg_normal": {
    "mean": 0.4858920872987312,
    "std": 0.043576161440612236,
    "min": 0.4093385759532189,
    "max": 0.5512748382333844,
    "count": 33
  },
  "pos_normal": {
    "mean": 0.4826833840214804,
    "std": 0.05244713984789719,
    "min": 0.4173917835374531,
    "max": 0.5674313584093652,
    "count": 34
  }
}