{
  "error": {
    "mean": 0.5073832809812703,
    "std": 0.04541086893751476,
    "min": 0.4230996024772759,
    "max": 0.5458517922439036,
    "count": 5
  },
  "fix": {
    "mean": 0.4612660025228186,
    "std": 0.020202634698302982,
    "min": 0.4425415796285927,
    "max": 0.489316891386706,
    "count": 3
  },
  "neg_normal": {
    "mean": 0.4954915999031738,
    "std": 0.04555539857839211,
    "min": 0.4121873266077019,
    "max": 0.5634129326459183,
    "count": 19
  },
  "pos_normal": {
    "mean": 0.4843899611248483,
    "std": 0.04290663606881087,
    "min": 0.40095992578504736,
    "max": 0.5460932267246668,
    "count": 38
  }
}