{
  "error": {
    "mean": 0.5113352585389664,
    "std": 0.023300519908204566,
    "min": 0.47102215842230694,
    "max": 0.5559001594713487,
    "count": 13
  },
  "fix": {
    "mean": 0.5280382569326302,
    "std": 0.01616622558652902,
    "min": 0.5023207911088791,
    "max": 0.5490705663204706,
    "count": 12
  },
  "neg_normal": {
    "mean": 0.5111121913679595,
    "std": 0.041674508929762266,
    "min": 0.4190114185877497,
    "max": 0.5730873633990436,
    "count": 46
  },
  "pos_normal": {
    "mean": 0.49464949045831863,
    "std": 0.051496402405460044,
    "min": 0.4031895643925575,
    "max": 0.5550734159222163,
    "count": 28
  }
}