{
  "error": {
    "mean": 0.47207429689585534,
    "std": 0.060871619451399725,
    "min": 0.42808368323988794,
    "max": 0.5581527568499345,
    "count": 3
  },
  "fix": {
    "mean": 0.4941625333614028,
    "std": 0.005837466230541294,
    "min": 0.4883250671308615,
    "max": 0.4999999995919441,
    "count": 2
  },
  "neg_normal": {
    "mean": 0.4760971306816845,
    "std": 0.0415956751291009,
    "min": 0.3778850734912659,
    "max": 0.5645555855705101,
    "count": 69
  },
  "pos_normal": {
    "mean": null,
    "std": null,
    "min": null,
    "max": null,
    "count": 0
  }
}