{
  "error": {
    "mean": 29.0,
    "std": 0.0,
    "min": 29.0,
    "max": 29.0,
    "count": 1
  },
  "fix": {
    "mean": 29.0,
    "std": 0.0,
    "min": 29.0,
    "max": 29.0,
    "count": 1
  },
  "neg_normal": {
    "mean": 17.0,
    "std": 0.816496580927726,
    "min": 16.0,
    "max": 18.0,
    "count": 3
  },
  "pos_normal": {
    "mean": 17.0,
    "std": 0.816496580927726,
    "min": 16.0,
    "max": 18.0,
    "count": 3
  }
}