{
  "error": {
    "mean": 36.75,
    "std": 14.446020213193666,
    "min": 18.0,
    "max": 56.0,
    "count": 4
  },
  "fix": {
    "mean": 20.857142857142858,
    "std": 5.540205551332948,
    "min": 15.0,
    "max": 29.0,
    "count": 7
  },
  "neg_normal": {
    "mean": 20.0,
    "std": 12.403473458920846,
    "min": 4.0,
    "max": 43.0,
    "count": 13
  },
  "pos_normal": {
    "mean": 19.133333333333333,
    "std": 10.750917273527048,
    "min": 5.0,
    "max": 43.0,
    "count": 15
  }
}