{
  "error": {
    "mean": 21.25,
    "std": 6.077622890571609,
    "min": 10.0,
    "max": 29.0,
    "count": 8
  },
  "fix": {
    "mean": 17.4,
    "std": 5.2573757712379665,
    "min": 4.0,
    "max": 26.0,
    "count": 10
  },
  "neg_normal": {
    "mean": 24.0,
    "std": 10.595323004289082,
    "min": 9.0,
    "max": 53.0,
    "count": 23
  },
  "pos_normal": {
    "mean": 19.4,
    "std": 7.714056433982491,
    "min": 4.0,
    "max": 46.0,
    "count": 30
  }
}