{
  "error": {
    "mean": 24.0,
    "std": 15.0996688705415,
    "min": 14.0,
    "max": 50.0,
    "count": 4
  },
  "fix": {
    "mean": 22.833333333333332,
    "std": 7.151145984308312,
    "min": 15.0,
    "max": 36.0,
    "count": 6
  },
  "neg_normal": {
    "mean": 21.21212121212121,
    "std": 7.138277424657032,
    "min": 4.0,
    "max": 32.0,
    "count": 33
  },
  "pos_normal": {
    "mean": 26.558823529411764,
    "std": 11.558524169151447,
    "min": 14.0,
    "max": 51.0,
    "count": 34
  }
}