{
  "error": {
    "mean": 17.6,
    "std": 7.391887445030531,
    "min": 6.0,
    "max": 29.0,
    "count": 5
  },
  "fix": {
    "mean": 30.0,
    "std": 2.160246899469287,
    "min": 28.0,
    "max": 33.0,
    "count": 3
  },
  "neg_normal": {
    "mean": 27.263157894736842,
    "std": 13.43930647201534,
    "min": 3.0,
    "max": 61.0,
    "count": 19
  },
  "pos_normal": {
    "mean": 21.789473684210527,
    "std": 8.198709445095425,
    "min": 5.0,
    "max": 47.0,
    "count": 38
  }
}