{
  "error": {
    "mean": 26.0,
    "std": 4.0,
    "min": 22.0,
    "max": 30.0,
    "count": 2
  },
  "fix": {
    "mean": 18.5,
    "std": 0.5,
    "min": 18.0,
    "max": 19.0,
    "count": 2
  },
  "neg_normal": {
    "mean": 22.8,
    "std": 8.361817984146748,
    "min": 11.0,
    "max": 46.0,
    "count": 25
  },
  "pos_normal": {
    "mean": 22.95,
    "std": 8.43786110338396,
    "min": 14.0,
    "max": 43.0,
    "count": 40
  }
}