{
  "error": {
    "mean": 26.076923076923077,
    "std": 6.354423516327194,
    "min": 15.0,
    "max": 35.0,
    "count": 13
  },
  "fix": {
    "mean": 23.083333333333332,
    "std": 3.147971127920684,
    "min": 19.0,
    "max": 27.0,
    "count": 12
  },
  "neg_normal": {
    "mean": 20.717391304347824,
    "std": 8.03704207831588,
    "min": 2.0,
    "max": 38.0,
    "count": 46
  },
  "pos_normal": {
    "mean": 22.107142857142858,
    "std": 7.687370373886387,
    "min": 9.0,
    "max": 36.0,
    "count": 28
  }
}