{
  "error": {
    "mean": 19.370928711260966,
    "std": 1.368887492977263,
    "min": 17.297548250125814,
    "max": 20.99644126760764,
    "count": 4
  },
  "fix": {
    "mean": 18.447945046398164,
    "std": 1.1587730687299098,
    "min": 17.45652122528114,
    "max": 20.425590264285628,
    "count": 7
  },
  "neg_normal": {
    "mean": 20.74336580865961,
    "std": 2.814027224894795,
    "min": 16.1125925729671,
    "max": 25.75971122357642,
    "count": 13
  },
  "pos_normal": {
    "mean": 19.17359189997293,
    "std": 2.843765830530134,
    "min": 15.974326640537331,
    "max": 25.515899638535867,
    "count": 15
  }
}