{
  "error": {
    "mean": 4.7778947466460515,
    "std": 1.0348357080053985,
    "min": 3.001072977329063,
    "max": 5.508918861212164,
    "count": 4
  },
  "fix": {
    "mean": 6.59773503811187,
    "std": 1.2050741063524093,
    "min": 5.23643514319545,
    "max": 8.245836237559557,
    "count": 7
  },
  "neg_normal": {
    "mean": 7.372921218498752,
    "std": 2.4216934967303714,
    "min": 3.9684716089689283,
    "max": 13.50321670681891,
    "count": 13
  },
  "pos_normal": {
    "mean": 7.7360565668475845,
    "std": 1.923771937047046,
    "min": 3.9684716089689283,
    "max": 12.452672464105921,
    "count": 15
  }
}