{
  "error": {
    "mean": 5.006108108604917,
    "std": 1.2935401945308136,
    "min": 3.201837995244844,
    "max": 6.1696362999058625,
    "count": 3
  },
  "fix": {
    "mean": 5.259296930754069,
    "std": 1.228420084928172,
    "min": 3.2569464284207417,
    "max": 6.585653837447883,
    "count": 4
  },
  "neg_normal": {
    "mean": 5.737556390883708,
    "std": 1.7829123870449117,
    "min": 3.2996311943542924,
    "max": 9.28833011020525,
    "count": 10
  },
  "pos_normal": {
    "mean": 5.817310438841999,
    "std": 1.7582781709751194,
    "min": 3.2569464284207417,
    "max": 9.28833011020525,
    "count": 26
  }
}