{
  "error": {
    "mean": 1.2421245084324317,
    "std": 0.0,
    "min": 1.2421245084324317,
    "max": 1.2421245084324317,
    "count": 1
  },
  "fix": {
    "mean": 1.1859439961595992,
    "std": 0.0,
    "min": 1.1859439961595992,
    "max": 1.1859439961595992,
    "count": 1
  },
  "neg_normal": {
    "mean": 1.1880848014538061,
    "std": 0.13658086427642385,
    "min": 1.005788036329862,
    "max": 1.3345270878276048,
    "count": 3
  },
  "pos_normal": {
    "mean": 1.2470264408672387,
    "std": 0.13611669051575812,
    "min": 1.1356339050919373,
    "max": 1.4386837597423143,
    "count": 3
  }
}