{
  "error": {
    "mean": 1.1372657142055316,
    "std": 0.18789745564227475,
    "min": 0.9357963191980962,
    "max": 1.3942444870550996,
    "count": 4
  },
  "fix": {
    "mean": 1.1385669882251788,
    "std": 0.27655145468279835,
    "min": 0.7274654448276826,
    "max": 1.471467973819282,
    "count": 7
  },
  "neg_normal": {
    "mean": 1.2913452700254193,
    "std": 0.3034866401459802,
    "min": 0.830613031502638,
    "max": 1.873309580426316,
    "count": 13
  },
  "pos_normal": {
    "mean": 1.19109569881896,
    "std": 0.17599402833283323,
    "min": 0.933888779675139,
    "max": 1.7039631857790414,
    "count": 15
  }
}