{
  "error": {
    "mean": 1.137911328962903,
    "std": 0.19120859348023425,
    "min": 0.9020121278418657,
    "max": 1.4116981377411761,
    "count": 8
  },
  "fix": {
    "mean": 1.1072745468434775,
    "std": 0.20880779180925094,
    "min": 0.7904222086979954,
    "max": 1.4033951064379735,
    "count": 10
  },
  "neg_normal": {
    "mean": 1.1429610231450413,
    "std": 0.1765821897551854,
    "min": 0.7953880211661577,
    "max": 1.5710650811371962,
    "count": 23
  },
  "pos_normal": {
    "mean": 1.1903058924258945,
    "std": 0.22895044683143223,
    "min": 0.789934451961616,
    "max": 1.7515720323553072,
    "count": 30
  }
}