{
  "error": {
    "mean": 1.4408321570021385,
    "std": 0.31404522596050755,
    "min": 1.126786931041631,
    "max": 1.754877382962646,
    "count": 2
  },
  "fix": {
    "mean": 1.0612350811810956,
    "std": 0.15907356214098314,
    "min": 0.9504600477652376,
    "max": 1.3334624214806028,
    "count": 4
  },
  "neg_normal": {
    "mean": null,
    "std": null,
    "min": null,
    "max": null,
    "count": 0
  },
  "pos_normal": {
    "mean": 1.1006422250898682,
    "std": 0.1633220091492578,
    "min": 0.789041634267639,
    "max": 1.333462010668782,
    "count": 18
  }
}