{
  "error": {
    "mean": 1.3853095079633488,
    "std": 0.280932694478398,
    "min": 1.211034327046467,
    "max": 1.8716367046202345,
    "count": 4
  },
  "fix": {
    "mean": 1.255569598319857,
    "std": 0.2754811868178894,
    "min": 0.9089083922000765,
    "max": 1.8012264505734643,
    "count": 6
  },
  "neg_normal": {
    "mean": 1.2215586016096165,
    "std": 0.2461030332975399,
    "min": 0.6676037388997847,
    "max": 1.7718716046075178,
    "count": 33
  },
  "pos_normal": {
    "mean": 1.2152724293238515,
    "std": 0.24561193581264038,
    "min": 0.7082524192360835,
    "max": 1.801224552147316,
    "count": 34
  }
}