{
  "error": {
    "mean": 1.0511661606725944,
    "std": 0.17041848491761208,
    "min": 0.8809068978268548,
    "max": 1.378149775960849,
    "count": 5
  },
  "fix": {
    "mean": 0.9167088598785321,
    "std": 0.10849861255625998,
    "min": 0.7705629869315934,
    "max": 1.0302658827981974,
    "count": 3
  },
  "neg_normal": {
    "mean": 1.2048514129783832,
    "std": 0.19789021601424714,
    "min": 0.7721594368533405,
    "max": 1.609768916874313,
    "count": 19
  },
  "pos_normal": {
    "mean": 1.2280148770046704,
    "std": 0.24018566075046352,
    "min": 0.7279626691797945,
    "max": 1.83416202621515,
    "count": 38
  }
}