{
  "error": {
    "mean": 1.336052291696197,
    "std": 0.13475734205962375,
    "min": 1.2012949496365732,
    "max": 1.4708096337558207,
    "count": 2
  },
  "fix": {
    "mean": 0.9976340719965556,
    "std": 0.12963384630209462,
    "min": 0.868000225694461,
    "max": 1.1272679182986503,
    "count": 2
  },
  "neg_normal": {
    "mean": 1.1763960425767968,
    "std": 0.32557860902288527,
    "min": 0.6624474320153777,
    "max": 1.9600187723943039,
    "count": 25
  },
  "pos_normal": {
    "mean": 1.0992522083639045,
    "std": 0.22200556188520576,
    "min": 0.6424834293090637,
    "max": 1.7175571057713406,
    "count": 40
  }
}