{
  "error": {
    "mean": 0.995955113260464,
    "std": 0.14927695652976739,
    "min": 0.8495632315669472,
    "max": 1.2008798564127874,
    "count": 3
  },
  "fix": {
    "mean": 612660526.1344057,
    "std": 612660524.8739737,
    "min": 1.2604319748897226,
    "max": 1225321051.0083795,
    "count": 2
  },
  "neg_normal": {
    "mean": 1.232848827714539,
    "std": 0.20382816553324204,
    "min": 0.6423615994100421,
    "max": 1.7562087500916035,
    "count": 69
  },
  "pos_normal": {
    "mean": null,
    "std": null,
    "min": null,
    "max": null,
    "count": 0
  }
}