{
  "error": {
    "mean": 0.08337384311386917,
    "std": 0.031603696009900505,
    "min": 0.051263259121299885,
    "max": 0.1332658722615453,
    "count": 4
  },
  "fix": {
    "mean": 0.06627666500708755,
    "std": 0.006803194474147226,
    "min": 0.059715799491327916,
    "max": 0.07815281954282734,
    "count": 7
  },
  "neg_normal": {
    "mean": 0.05438215000730085,
    "std": 0.02210207209940361,
    "min": 0.0270570075978844,
    "max": 0.09719018538656217,
    "count": 13
  },
  "pos_normal": {
    "mean": 0.06930643257537383,
    "std": 0.024708235664256843,
    "min": 0.029557347816269685,
    "max": 0.10666511621303239,
    "count": 15
  }
}