{
  "error": {
    "mean": 0.08249045843653507,
    "std": 0.017120362812861212,
    "min": 0.04840760550364033,
    "max": 0.10705156405288997,
    "count": 8
  },
  "fix": {
    "mean": 0.052275581255689464,
    "std": 0.01450625256036711,
    "min": 0.03915069498658049,
    "max": 0.09003708831760424,
    "count": 10
  },
  "neg_normal": {
    "mean": 0.0587309359567333,
    "std": 0.01919969502566792,
    "min": 0.03339576510696026,
    "max": 0.10242885455675471,
    "count": 23
  },
  "pos_normal": {
    "mean": 0.06180882479168593,
    "std": 0.016586206372332154,
    "min": 0.033992700727983834,
    "max": 0.10068510025207576,
    "count": 30
  }
}