{
  "error": {
    "mean": 0.06279838494576383,
    "std": 0.028712285859133803,
    "min": 0.026398572795709837,
    "max": 0.09847176202400787,
    "count": 4
  },
  "fix": {
    "mean": 0.05879749616583297,
    "std": 0.024614660600496902,
    "min": 0.022624835512744777,
    "max": 0.09268757305068172,
    "count": 6
  },
  "neg_normal": {
    "mean": 0.06175257347519724,
    "std": 0.0239984717525478,
    "min": 0.027833143592098854,
    "max": 0.1224510227184994,
    "count": 33
  },
  "pos_normal": {
    "mean": 0.06315539409588523,
    "std": 0.01923396615783149,
    "min": 0.02262433360857421,
    "max": 0.10070788019789635,
    "count": 34
  }
}