{
  "error": {
    "mean": 0.06600258133665346,
    "std": 0.011433901769100335,
    "min": 0.04594490539173455,
    "max": 0.07886992428664757,
    "count": 5
  },
  "fix": {
    "mean": 0.053825999250263955,
    "std": 0.019226844783034092,
    "min": 0.03727456697656083,
    "max": 0.08078445896864261,
    "count": 3
  },
  "neg_normal": {
    "mean": 0.05971057065158873,
    "std": 0.020176497415394817,
    "min": 0.01924993684389182,
    "max": 0.10854718348363004,
    "count": 19
  },
  "pos_normal": {
    "mean": 0.06191530750737364,
    "std": 0.02336905656556339,
    "min": 0.027577909569786157,
    "max": 0.12899533602451874,
    "count": 38
  }
}