{
  "error": {
    "mean": 0.07198367056317558,
    "std": 0.005697192054893594,
    "min": 0.0659091930050867,
    "max": 0.07960485281511756,
    "count": 3
  },
  "fix": {
    "mean": 0.07632507745023741,
    "std": 0.01746425693442893,
    "min": 0.05445893949652023,
    "max": 0.09654405076669928,
    "count": 4
  },
  "neg_normal": {
    "mean": 0.07675553596252482,
    "std": 0.02576584312965805,
    "min": 0.03386069213870574,
    "max": 0.10613633209240446,
    "count": 10
  },
  "pos_normal": {
    "mean": 0.0673686634063402,
    "std": 0.019712840316809362,
    "min": 0.03576677833321124,
    "max": 0.11072693501456092,
    "count": 26
  }
}