{
  "error": {
    "mean": 0.36098160657433886,
    "std": 0.03728277716703003,
    "min": 0.3138837315393447,
    "max": 0.4144543251745684,
    "count": 8
  },
  "fix": {
    "mean": 0.354340843519324,
    "std": 0.02859359982172835,
    "min": 0.30622822458784293,
    "max": 0.39954849515325125,
    "count": 10
  },
  "neg_normal": {
    "mean": 0.35328612171630147,
    "std": 0.026575003125342698,
    "min": 0.2965026083806472,
    "max": 0.3911118691138134,
    "count": 23
  },
  "pos_normal": {
    "mean": 0.34754213002710294,
    "std": 0.03258163121413097,
    "min": 0.2821855501460291,
    "max": 0.4004935934567519,
    "count": 30
  }
}