{
  "error": {
    "mean": 0.36660417872981244,
    "std": 0.012724859202972671,
    "min": 0.35387931952683976,
    "max": 0.3793290379327851,
    "count": 2
  },
  "fix": {
    "mean": 0.3336494069713745,
    "std": 0.034341167825717285,
    "min": 0.3009511393254474,
    "max": 0.38118944678840033,
    "count": 4
  },
  "neg_normal": {
    "mean": null,
    "std": null,
    "min": null,
    "max": null,
    "count": 0
  },
  "pos_normal": {
    "mean": 0.37719267417577107,
    "std": 0.02057813874898964,
    "min": 0.33628572843148496,
    "max": 0.4133215512347638,
    "count": 18
  }
}