{
  "error": {
    "mean": 0.3792145304787798,
    "std": 0.018803116753942854,
    "min": 0.34497627363395367,
    "max": 0.39721141229907025,
    "count": 5
  },
  "fix": {
    "mean": 0.3461206552932969,
    "std": 0.03377566696635679,
    "min": 0.3051870364563863,
    "max": 0.38790700164901365,
    "count": 3
  },
  "neg_normal": {
    "mean": 0.3687807544280276,
    "std": 0.03280625349446018,
    "min": 0.3081642187815742,
    "max": 0.43389920051124614,
    "count": 19
  },
  "pos_normal": {
    "mean": 0.3512862523967157,
    "std": 0.038114775770550745,
    "min": 0.2540669933245376,
    "max": 0.429180228362269,
    "count": 38
  }
}