{
  "error": {
    "mean": 0.36360036261110984,
    "std": 0.021058410751042672,
    "min": 0.34254195186006714,
    "max": 0.3846587733621525,
    "count": 2
  },
  "fix": {
    "mean": 0.36148598711960234,
    "std": 0.009263515850634757,
    "min": 0.35222247126896755,
    "max": 0.37074950297023707,
    "count": 2
  },
  "neg_normal": {
    "mean": 0.35808644568587367,
    "std": 0.03494897100953627,
    "min": 0.2476257482069229,
    "max": 0.4130669490994341,
    "count": 25
  },
  "pos_normal": {
    "mean": 0.3672870317929588,
    "std": 0.05405586617563591,
    "min": 0.16872206373698503,
    "max": 0.44735329792563927,
    "count": 40
  }
}