{
  "error": {
    "mean": 0.35895238066583374,
    "std": 0.03159966588531443,
    "min": 0.3178524333015966,
    "max": 0.41025600365167164,
    "count": 13
  },
  "fix": {
    "mean": 0.3463684862209659,
    "std": 0.020710793456554494,
    "min": 0.2951167431605412,
    "max": 0.37440513505855616,
    "count": 12
  },
  "neg_normal": {
    "mean": 0.3607417885161623,
    "std": 0.026146452118267823,
    "min": 0.2949270961195675,
    "max": 0.4166041656538601,
    "count": 46
  },
  "pos_normal": {
    "mean": 0.3528105115180047,
    "std": 0.03716446359568657,
    "min": 0.29007922216153315,
    "max": 0.4115594001204099,
    "count": 28
  }
}