{
  "error": {
    "mean": 0.06790953007548836,
    "std": 0.0,
    "min": 0.06790953007548836,
    "max": 0.06790953007548836,
    "count": 1
  },
  "fix": {
    "mean": 0.06584885805305096,
    "std": 0.0,
    "min": 0.06584885805305096,
    "max": 0.06584885805305096,
    "count": 1
  },
  "neg_normal": {
    "mean": 0.1054958606218558,
    "std": 0.006956313494576332,
    "min": 0.09604722053886638,
    "max": 0.11259248894619055,
    "count": 3
  },
  "pos_normal": {
    "mean": 0.10686187965851539,
    "std": 0.0016426263718206293,
    "min": 0.10517161278031734,
    "max": 0.10908707849695275,
    "count": 3
  }
}