{
  "error": {
    "mean": 0.08495005043117972,
    "std": 0.01781984702858814,
    "min": 0.06892146215818522,
    "max": 0.1143034736349697,
    "count": 4
  },
  "fix": {
    "mean": 0.10153695495603408,
    "std": 0.02159147620410294,
    "min": 0.08054909313670938,
    "max": 0.1348864977654857,
    "count": 7
  },
  "neg_normal": {
    "mean": 0.10305202530854846,
    "std": 0.02932431117996406,
    "min": 0.06494432343242904,
    "max": 0.16364712398831543,
    "count": 13
  },
  "pos_normal": {
    "mean": 0.10452665491168193,
    "std": 0.027136840471800334,
    "min": 0.06801972347334145,
    "max": 0.164500890151006,
    "count": 15
  }
}