{
  "error": {
    "mean": 0.0775702839000649,
    "std": 0.00979280255357818,
    "min": 0.06777748134648671,
    "max": 0.08736308645364307,
    "count": 2
  },
  "fix": {
    "mean": 0.09526159444055439,
    "std": 0.0138629170819556,
    "min": 0.07488407186620509,
    "max": 0.11402807313600277,
    "count": 4
  },
  "neg_normal": {
    "mean": null,
    "std": null,
    "min": null,
    "max": null,
    "count": 0
  },
  "pos_normal": {
    "mean": 0.09783678646383867,
    "std": 0.019278490840034284,
    "min": 0.07488407186620509,
    "max": 0.14163277167317048,
    "count": 18
  }
}