{
  "error": {
    "mean": 0.09672022200475229,
    "std": 0.021530421074577793,
    "min": 0.06377004343674603,
    "max": 0.12403470639468495,
    "count": 4
  },
  "fix": {
    "mean": 0.09385509485956783,
    "std": 0.013404066143715934,
    "min": 0.07454697060205688,
    "max": 0.11948294589995091,
    "count": 6
  },
  "neg_normal": {
    "mean": 0.09646027733128304,
    "std": 0.023983824467281617,
    "min": 0.07081295921733533,
    "max": 0.1981096350496898,
    "count": 33
  },
  "pos_normal": {
    "mean": 0.09072161678830706,
    "std": 0.01355563949604158,
    "min": 0.06758370449031838,
    "max": 0.11948294589995091,
    "count": 34
  }
}