{
  "error": {
    "mean": 0.09039411348658803,
    "std": 0.01929174511682471,
    "min": 0.06441695989240072,
    "max": 0.11060403107586121,
    "count": 3
  },
  "fix": {
    "mean": 0.08523294991095101,
    "std": 0.006793975916139098,
    "min": 0.07740710645877033,
    "max": 0.09502823147102174,
    "count": 4
  },
  "neg_normal": {
    "mean": 0.09585989242806887,
    "std": 0.01497951239859479,
    "min": 0.06876692410846959,
    "max": 0.12250820224035915,
    "count": 10
  },
  "pos_normal": {
    "mean": 0.09099697355515006,
    "std": 0.015487202407405865,
    "min": 0.06707765286165647,
    "max": 0.12250820224035915,
    "count": 26
  }
}