{
  "error": {
    "mean": 0.08395921343728047,
    "std": 0.01186330908268695,
    "min": 0.07209590435459352,
    "max": 0.09582252251996742,
    "count": 2
  },
  "fix": {
    "mean": 0.1070418648225527,
    "std": 0.002416622612321298,
    "min": 0.1046252422102314,
    "max": 0.10945848743487399,
    "count": 2
  },
  "neg_normal": {
    "mean": 0.092721158078167,
    "std": 0.016380397183996264,
    "min": 0.06668320334404472,
    "max": 0.12376433846723969,
    "count": 25
  },
  "pos_normal": {
    "mean": 0.09706913042383276,
    "std": 0.016461633457887478,
    "min": 0.060979130883637704,
    "max": 0.14765384056656475,
    "count": 40
  }
}