{
  "error": {
    "mean": 0.09410550925363663,
    "std": 0.01165734393972944,
    "min": 0.0822660559798385,
    "max": 0.11528886209456621,
    "count": 13
  },
  "fix": {
    "mean": 0.0918234568825798,
    "std": 0.011053323441055425,
    "min": 0.07702740099137696,
    "max": 0.11006165681949784,
    "count": 12
  },
  "neg_normal": {
    "mean": 0.0933679147186442,
    "std": 0.031275370575237375,
    "min": 1.746004875926105e-31,
    "max": 0.1950720535324844,
    "count": 46
  },
  "pos_normal": {
    "mean": 0.09769744647171999,
    "std": 0.014375904631189372,
    "min": 0.07702740099137696,
    "max": 0.13718387954597802,
    "count": 28
  }
}