{
  "error": {
    "mean": 0.08480046950861649,
    "std": 0.015389289901264468,
    "min": 0.06817289866011957,
    "max": 0.10527518751455466,
    "count": 3
  },
  "fix": {
    "mean": 0.07915576001000114,
    "std": 0.07915576001000114,
    "min": 0.0,
    "max": 0.1583115200200023,
    "count": 2
  },
  "neg_normal": {
    "mean": 0.09201941920260374,
    "std": 0.01999619389460572,
    "min": 0.05347643071685394,
    "max": 0.2139649015653241,
    "count": 69
  },
  "pos_normal": {
    "mean": null,
    "std": null,
    "min": null,
    "max": null,
    "count": 0
  }
}