{
  "error": {
    "mean": 0.07246535057241844,
    "std": 0.06204043073547599,
    "min": 0.0,
    "max": 0.15153611981222767,
    "count": 3
  },
  "fix": {
    "mean": 0.07406130659510816,
    "std": 0.0,
    "min": 0.07406130659510816,
    "max": 0.07406130659510816,
    "count": 2
  },
  "neg_normal": {
    "mean": 0.0897996236607281,
    "std": 0.01434105773125825,
    "min": 0.06104778659914941,
    "max": 0.1232292619823954,
    "count": 28
  },
  "pos_normal": {
    "mean": null,
    "std": null,
    "min": null,
    "max": null,
    "count": 0
  }
}