{
  "error": {
    "mean": 24.0,
    "std": 0.0,
    "min": 24.0,
    "max": 24.0,
    "count": 1
  },
  "fix": {
    "mean": 24.0,
    "std": 0.0,
    "min": 24.0,
    "max": 24.0,
    "count": 1
  },
  "neg_normal": {
    "mean": 15.0,
    "std": 0.816496580927726,
    "min": 14.0,
    "max": 16.0,
    "count": 3
  },
  "pos_normal": {
    "mean": 14.666666666666666,
    "std": 0.4714045207910317,
    "min": 14.0,
    "max": 15.0,
    "count": 3
  }
}