{
  "error": {
    "mean": 29.0,
    "std": 10.770329614269007,
    "min": 15.0,
    "max": 43.0,
    "count": 4
  },
  "fix": {
    "mean": 17.857142857142858,
    "std": 4.389226141639205,
    "min": 13.0,
    "max": 24.0,
    "count": 7
  },
  "neg_normal": {
    "mean": 16.923076923076923,
    "std": 9.918603642895107,
    "min": 4.0,
    "max": 36.0,
    "count": 13
  },
  "pos_normal": {
    "mean": 16.2,
    "std": 8.296183861671985,
    "min": 5.0,
    "max": 34.0,
    "count": 15
  }
}