{
  "error": {
    "mean": 18.0,
    "std": 4.743416490252569,
    "min": 9.0,
    "max": 23.0,
    "count": 8
  },
  "fix": {
    "mean": 15.1,
    "std": 4.459820624195552,
    "min": 4.0,
    "max": 23.0,
    "count": 10
  },
  "neg_normal": {
    "mean": 19.869565217391305,
    "std": 8.414812756324858,
    "min": 8.0,
    "max": 45.0,
    "count": 23
  },
  "pos_normal": {
    "mean": 16.7,
    "std": 6.224414296408405,
    "min": 4.0,
    "max": 37.0,
    "count": 30
  }
}