{
  "error": {
    "mean": 19.75,
    "std": 11.166355717063647,
    "min": 12.0,
    "max": 39.0,
    "count": 4
  },
  "fix": {
    "mean": 18.833333333333332,
    "std": 5.4594464513864,
    "min": 13.0,
    "max": 29.0,
    "count": 6
  },
  "neg_normal": {
    "mean": 17.606060606060606,
    "std": 5.570155288295008,
    "min": 4.0,
    "max": 25.0,
    "count": 33
  },
  "pos_normal": {
    "mean": 21.676470588235293,
    "std": 8.594528314865062,
    "min": 11.0,
    "max": 37.0,
    "count": 34
  }
}