{
  "error": {
    "mean": 15.2,
    "std": 5.775811631277461,
    "min": 6.0,
    "max": 24.0,
    "count": 5
  },
  "fix": {
    "mean": 24.0,
    "std": 0.816496580927726,
    "min": 23.0,
    "max": 25.0,
    "count": 3
  },
  "neg_normal": {
    "mean": 22.36842105263158,
    "std": 10.0326337325843,
    "min": 3.0,
    "max": 46.0,
    "count": 19
  },
  "pos_normal": {
    "mean": 18.07894736842105,
    "std": 6.170309123653404,
    "min": 5.0,
    "max": 35.0,
    "count": 38
  }
}