{
  "error": {
    "mean": 21.923076923076923,
    "std": 5.180756381686996,
    "min": 13.0,
    "max": 29.0,
    "count": 13
  },
  "fix": {
    "mean": 19.666666666666668,
    "std": 2.8674417556808756,
    "min": 16.0,
    "max": 23.0,
    "count": 12
  },
  "neg_normal": {
    "mean": 17.456521739130434,
    "std": 6.6158785335937464,
    "min": 2.0,
    "max": 32.0,
    "count": 46
  },
  "pos_normal": {
    "mean": 18.571428571428573,
    "std": 5.741008942117176,
    "min": 8.0,
    "max": 28.0,
    "count": 28
  }
}