{
  "error": {
    "mean": 7.75,
    "std": 1.920286436967152,
    "min": 4.0,
    "max": 10.0,
    "count": 8
  },
  "fix": {
    "mean": 6.8,
    "std": 1.4000000000000001,
    "min": 4.0,
    "max": 9.0,
    "count": 10
  },
  "neg_normal": {
    "mean": 7.478260869565218,
    "std": 1.6383864070797194,
    "min": 5.0,
    "max": 11.0,
    "count": 23
  },
  "pos_normal": {
    "mean": 7.166666666666667,
    "std": 1.343709624716425,
    "min": 4.0,
    "max": 9.0,
    "count": 30
  }
}