{
  "error": {
    "mean": 8.25,
    "std": 1.479019945774904,
    "min": 6.0,
    "max": 10.0,
    "count": 4
  },
  "fix": {
    "mean": 7.333333333333333,
    "std": 1.247219128924647,
    "min": 5.0,
    "max": 9.0,
    "count": 6
  },
  "neg_normal": {
    "mean": 7.393939393939394,
    "std": 1.6318681233740921,
    "min": 4.0,
    "max": 11.0,
    "count": 33
  },
  "pos_normal": {
    "mean": 8.0,
    "std": 1.1881770515720091,
    "min": 5.0,
    "max": 10.0,
    "count": 34
  }
}