{
  "error": {
    "mean": 7.846153846153846,
    "std": 1.0986812966989,
    "min": 6.0,
    "max": 9.0,
    "count": 13
  },
  "fix": {
    "mean": 8.5,
    "std": 1.1902380714238083,
    "min": 7.0,
    "max": 11.0,
    "count": 12
  },
  "neg_normal": {
    "mean": 7.608695652173913,
    "std": 1.7505062729736864,
    "min": 3.0,
    "max": 11.0,
    "count": 46
  },
  "pos_normal": {
    "mean": 7.535714285714286,
    "std": 1.7824971019239686,
    "min": 5.0,
    "max": 11.0,
    "count": 28
  }
}