{
  "error": {
    "mean": 1.1533090796174421,
    "std": 0.09153855035980275,
    "min": 1.0178923676284604,
    "max": 1.2564595446082885,
    "count": 4
  },
  "fix": {
    "mean": 1.2113118717835893,
    "std": 0.15452345217912897,
    "min": 1.029827262492132,
    "max": 1.4243547143811368,
    "count": 7
  },
  "neg_normal": {
    "mean": 1.1588526192399917,
    "std": 0.17621256141839847,
    "min": 0.90573343466465,
    "max": 1.4169498494127364,
    "count": 13
  },
  "pos_normal": {
    "mean": 1.0784421127065378,
    "std": 0.15738092695183398,
    "min": 0.8189911305871561,
    "max": 1.3094779307126414,
    "count": 15
  }
}