{
  "error": {
    "mean": 1.17866646698404,
    "std": 0.12811752137979682,
    "min": 1.0505489456042434,
    "max": 1.306783988363837,
    "count": 2
  },
  "fix": {
    "mean": 1.100738094503117,
    "std": 0.12494505185303834,
    "min": 1.0065261727718673,
    "max": 1.3110224723478274,
    "count": 4
  },
  "neg_normal": {
    "mean": null,
    "std": null,
    "min": null,
    "max": null,
    "count": 0
  },
  "pos_normal": {
    "mean": 1.2071333527409873,
    "std": 0.1997531233715167,
    "min": 0.9215676398171571,
    "max": 1.6237860250366365,
    "count": 18
  }
}