{
  "error": {
    "mean": 1.1258857144834948,
    "std": 0.112273456126855,
    "min": 1.0039120825021726,
    "max": 1.2712465009558986,
    "count": 4
  },
  "fix": {
    "mean": 1.134095541603139,
    "std": 0.24817067116329225,
    "min": 0.8537711658087223,
    "max": 1.5145235373550354,
    "count": 6
  },
  "neg_normal": {
    "mean": 1.1983506626848566,
    "std": 0.22759504677949532,
    "min": 0.8454810888380789,
    "max": 1.7194443194572295,
    "count": 33
  },
  "pos_normal": {
    "mean": 1.1225365682603599,
    "std": 0.2562848159833589,
    "min": 0.715018736538056,
    "max": 1.6875308688705595,
    "count": 34
  }
}