{
  "error": {
    "mean": 0.8963873191859357,
    "std": 0.07219598390178633,
    "min": 0.8241913352841493,
    "max": 0.968583303087722,
    "count": 2
  },
  "fix": {
    "mean": 1.01937790905289,
    "std": 0.07235355188454201,
    "min": 0.947024357168348,
    "max": 1.091731460937432,
    "count": 2
  },
  "neg_normal": {
    "mean": 1.2203033058224795,
    "std": 0.27224046177389943,
    "min": 0.6805476531313855,
    "max": 1.755887546809301,
    "count": 25
  },
  "pos_normal": {
    "mean": 1.1794333887850845,
    "std": 0.25871275678157957,
    "min": 0.6747230227593055,
    "max": 1.958164807280658,
    "count": 40
  }
}