{
  "error": {
    "mean": 1.0831434988954234,
    "std": 0.2432890016983346,
    "min": 0.7330753096542165,
    "max": 1.4749855917995311,
    "count": 13
  },
  "fix": {
    "mean": 1.0844224990775941,
    "std": 0.10321493207630977,
    "min": 0.8964663143288775,
    "max": 1.2267249429497948,
    "count": 12
  },
  "neg_normal": {
    "mean": 41847965.55738945,
    "std": 196284352.05395514,
    "min": 0.6875548753851152,
    "max": 962503183.8379911,
    "count": 46
  },
  "pos_normal": {
    "mean": 0.971389068282422,
    "std": 0.18257413426780153,
    "min": 0.6708350296349452,
    "max": 1.217874387083283,
    "count": 28
  }
}