{
  "error": {
    "mean": 1.4029629646273023,
    "std": 0.3249058673449906,
    "min": 0.9528979226511983,
    "max": 1.7081629818098016,
    "count": 3
  },
  "fix": {
    "mean": 1.1396684195810232,
    "std": 0.13966841958102316,
    "min": 1.0,
    "max": 1.2793368391620463,
    "count": 2
  },
  "neg_normal": {
    "mean": 1.1988451080354363,
    "std": 0.2627294194927175,
    "min": 0.7378930164930534,
    "max": 1.9812295248754384,
    "count": 69
  },
  "pos_normal": {
    "mean": null,
    "std": null,
    "min": null,
    "max": null,
    "count": 0
  }
}