{
  "error": {
    "mean": 3.0,
    "std": 1.224744871391589,
    "min": 2.0,
    "max": 5.0,
    "count": 4
  },
  "fix": {
    "mean": 3.142857142857143,
    "std": 1.3552618543578767,
    "min": 2.0,
    "max": 5.0,
    "count": 7
  },
  "neg_normal": {
    "mean": 2.5384615384615383,
    "std": 0.9294650748918902,
    "min": 2.0,
    "max": 5.0,
    "count": 13
  },
  "pos_normal": {
    "mean": 2.533333333333333,
    "std": 1.0873004286866728,
    "min": 2.0,
    "max": 5.0,
    "count": 15
  }
}