{
  "error": {
    "mean": 3.5,
    "std": 1.5,
    "min": 2.0,
    "max": 5.0,
    "count": 4
  },
  "fix": {
    "mean": 3.1666666666666665,
    "std": 1.3437096247164249,
    "min": 2.0,
    "max": 5.0,
    "count": 6
  },
  "neg_normal": {
    "mean": 3.121212121212121,
    "std": 1.3201830855025432,
    "min": 2.0,
    "max": 5.0,
    "count": 33
  },
  "pos_normal": {
    "mean": 3.6176470588235294,
    "std": 1.3064254302654594,
    "min": 2.0,
    "max": 5.0,
    "count": 34
  }
}