{
  "error": {
    "mean": 3.0,
    "std": 1.4142135623730951,
    "min": 2.0,
    "max": 5.0,
    "count": 3
  },
  "fix": {
    "mean": 3.25,
    "std": 0.82915619758885,
    "min": 2.0,
    "max": 4.0,
    "count": 4
  },
  "neg_normal": {
    "mean": 3.3,
    "std": 1.4177446878757822,
    "min": 2.0,
    "max": 5.0,
    "count": 10
  },
  "pos_normal": {
    "mean": 3.3461538461538463,
    "std": 1.2991804426195797,
    "min": 2.0,
    "max": 5.0,
    "count": 26
  }
}