{
  "error": {
    "mean": 3.6666666666666665,
    "std": 1.247219128924647,
    "min": 2.0,
    "max": 5.0,
    "count": 3
  },
  "fix": {
    "mean": 1.5,
    "std": 0.5,
    "min": 1.0,
    "max": 2.0,
    "count": 2
  },
  "neg_normal": {
    "mean": 3.3333333333333335,
    "std": 1.4311915241308415,
    "min": 2.0,
    "max": 5.0,
    "count": 69
  },
  "pos_normal": {
    "mean": null,
    "std": null,
    "min": null,
    "max": null,
    "count": 0
  }
}