{
  "error": {
    "mean": 3.955044978705512,
    "std": 0.38430887957054866,
    "min": 3.152099380569267,
    "max": 4.316154292408831,
    "count": 8
  },
  "fix": {
    "mean": 3.6403950973519557,
    "std": 0.6717623738779922,
    "min": 1.7045590331784373,
    "max": 4.316933075040702,
    "count": 10
  },
  "neg_normal": {
    "mean": 3.9754173616240176,
    "std": 0.6509255196459439,
    "min": 2.7027935140468475,
    "max": 5.351918960486929,
    "count": 23
  },
  "pos_normal": {
    "mean": 3.8141657740534183,
    "std": 0.5582696339649396,
    "min": 1.7045590331784373,
    "max": 4.860187795644861,
    "count": 30
  }
}