{
  "error": {
    "mean": 3.906519575391489,
    "std": 0.6005382511573357,
    "min": 3.315087834585376,
    "max": 4.894014734481873,
    "count": 4
  },
  "fix": {
    "mean": 3.9375684000752593,
    "std": 0.36733127771099505,
    "min": 3.314007274557905,
    "max": 4.444036477838993,
    "count": 6
  },
  "neg_normal": {
    "mean": 3.8041453002016614,
    "std": 0.6415491048360935,
    "min": 1.6957767292525354,
    "max": 4.4014464704338385,
    "count": 33
  },
  "pos_normal": {
    "mean": 4.058416305552524,
    "std": 0.4973722621778044,
    "min": 3.314007274557905,
    "max": 4.855520450035392,
    "count": 34
  }
}