{
  "error": {
    "mean": 3.6096510849527776,
    "std": 0.6123694956273895,
    "min": 2.4429435475961454,
    "max": 4.196599070723406,
    "count": 5
  },
  "fix": {
    "mean": 4.39043233275866,
    "std": 0.06303411008106694,
    "min": 4.311208776895585,
    "max": 4.465437184841446,
    "count": 3
  },
  "neg_normal": {
    "mean": 4.022395459551044,
    "std": 0.8387455032515905,
    "min": 1.480835527037619,
    "max": 4.912989063398907,
    "count": 19
  },
  "pos_normal": {
    "mean": 3.90289268883884,
    "std": 0.5496342277882371,
    "min": 2.1750682606525253,
    "max": 4.901099609905732,
    "count": 38
  }
}