{
  "error": {
    "mean": 4.177858412545709,
    "std": 0.35670737974246325,
    "min": 3.8491224953268186,
    "max": 4.673601920482186,
    "count": 3
  },
  "fix": {
    "mean": 4.457015151217582,
    "std": 0.33536559036087227,
    "min": 3.9682996923494493,
    "max": 4.882710545523581,
    "count": 4
  },
  "neg_normal": {
    "mean": 4.042713240741008,
    "std": 0.6386473891739574,
    "min": 2.700023043855351,
    "max": 5.092821165250245,
    "count": 10
  },
  "pos_normal": {
    "mean": 4.0797792099380406,
    "std": 0.5390149198583369,
    "min": 2.700023043855351,
    "max": 4.882710545523581,
    "count": 26
  }
}