{
  "error": {
    "mean": 4.253772313697385,
    "std": 0.1949055992617108,
    "min": 4.058866714435674,
    "max": 4.448677912959096,
    "count": 2
  },
  "fix": {
    "mean": 3.8113564353355063,
    "std": 0.020820290886276682,
    "min": 3.79053614444923,
    "max": 3.832176726221783,
    "count": 2
  },
  "neg_normal": {
    "mean": 4.007412004025509,
    "std": 0.4110900813832202,
    "min": 3.2190222634819428,
    "max": 4.874273258485424,
    "count": 25
  },
  "pos_normal": {
    "mean": 3.969151041726139,
    "std": 0.38591249778284514,
    "min": 3.419783223351892,
    "max": 4.822787973810652,
    "count": 40
  }
}