{
  "error": {
    "mean": 4.340741752692288,
    "std": 0.6105307251062527,
    "min": 3.5215615122840096,
    "max": 4.9866144362429985,
    "count": 3
  },
  "fix": {
    "mean": 1.0545643476062618,
    "std": 1.0545640674250694,
    "min": 2.801811924931761e-07,
    "max": 2.109128415031331,
    "count": 2
  },
  "neg_normal": {
    "mean": 3.9825935669274717,
    "std": 0.4373594716923712,
    "min": 1.9393111231439377,
    "max": 5.133100869805031,
    "count": 69
  },
  "pos_normal": {
    "mean": null,
    "std": null,
    "min": null,
    "max": null,
    "count": 0
  }
}