{
  "error": {
    "mean": 1.4228836703835834,
    "std": 0.0,
    "min": 1.4228836703835834,
    "max": 1.4228836703835834,
    "count": 1
  },
  "fix": {
    "mean": 1.4534824535863156,
    "std": 0.0,
    "min": 1.4534824535863156,
    "max": 1.4534824535863156,
    "count": 1
  },
  "neg_normal": {
    "mean": 1.0415125404914145,
    "std": 0.02962143359864768,
    "min": 1.00914583921643,
    "max": 1.0807272063125992,
    "count": 3
  },
  "pos_normal": {
    "mean": 0.9963402402424656,
    "std": 0.05677598732659117,
    "min": 0.9161273009365855,
    "max": 1.0395583623980567,
    "count": 3
  }
}