{
  "error": {
    "mean": 1.1091341657179727,
    "std": 0.1540862294842004,
    "min": 0.9148430174247641,
    "max": 1.2949549813466883,
    "count": 8
  },
  "fix": {
    "mean": 1.1751471476708566,
    "std": 0.28682764069097577,
    "min": 0.7870097854443171,
    "max": 1.7116817364363597,
    "count": 10
  },
  "neg_normal": {
    "mean": 1.0880676868996075,
    "std": 0.1961027752245507,
    "min": 0.7179390346312224,
    "max": 1.5776020825330712,
    "count": 23
  },
  "pos_normal": {
    "mean": 1.0730953577271112,
    "std": 0.25411114783703126,
    "min": 0.7399373386105222,
    "max": 1.712069754650468,
    "count": 30
  }
}