{
  "error": {
    "mean": 1.0961652371150765,
    "std": 0.23867113905118761,
    "min": 0.7830464144415309,
    "max": 1.517413840392145,
    "count": 5
  },
  "fix": {
    "mean": 1.429048789823045,
    "std": 0.1304412473510835,
    "min": 1.2951694552513733,
    "max": 1.605895787832289,
    "count": 3
  },
  "neg_normal": {
    "mean": 1.0672442356176013,
    "std": 0.18137152700939244,
    "min": 0.6859567667663325,
    "max": 1.4540020446483823,
    "count": 19
  },
  "pos_normal": {
    "mean": 1.174768891740209,
    "std": 0.18340019233573113,
    "min": 0.7385924231190498,
    "max": 1.6059338742217846,
    "count": 38
  }
}