{
  "error": {
    "mean": 1.4421223786179953,
    "std": 0.09140603850553722,
    "min": 1.3254051023641056,
    "max": 1.5485996605414825,
    "count": 3
  },
  "fix": {
    "mean": 0.9973924271655294,
    "std": 0.07845390290655609,
    "min": 0.8955316909126753,
    "max": 1.093600499769948,
    "count": 4
  },
  "neg_normal": {
    "mean": 1.186437752910731,
    "std": 0.33621311114322217,
    "min": 0.8082272632116511,
    "max": 2.045335521849037,
    "count": 10
  },
  "pos_normal": {
    "mean": 1.050585013212917,
    "std": 0.2366128340632274,
    "min": 0.8032120973820734,
    "max": 1.5849597734254148,
    "count": 26
  }
}