{
  "error": {
    "mean": 1.087995165055009,
    "std": 0.06251941883649294,
    "min": 1.0,
    "max": 1.1394529615664093,
    "count": 3
  },
  "fix": {
    "mean": 0.9888721655824915,
    "std": 0.00014900676973589322,
    "min": 0.9887231588127556,
    "max": 0.9890211723522274,
    "count": 2
  },
  "neg_normal": {
    "mean": 1.1850387412497094,
    "std": 0.2202007128216888,
    "min": 0.7266871888416263,
    "max": 1.5603415368379392,
    "count": 28
  },
  "pos_normal": {
    "mean": null,
    "std": null,
    "min": null,
    "max": null,
    "count": 0
  }
}