{
  "error": {
    "mean": 11.879678229943263,
    "std": 1.3140152229854924,
    "min": 9.227118776654072,
    "max": 13.810286162446838,
    "count": 8
  },
  "fix": {
    "mean": 14.415424703750272,
    "std": 2.592516668688177,
    "min": 9.243583706937706,
    "max": 18.647036827556555,
    "count": 10
  },
  "neg_normal": {
    "mean": 14.955722904721721,
    "std": 2.250139664531901,
    "min": 11.25809617185902,
    "max": 20.045029815695532,
    "count": 23
  },
  "pos_normal": {
    "mean": 13.854837785459468,
    "std": 2.2555034638351295,
    "min": 9.243583706937706,
    "max": 20.599808143605507,
    "count": 30
  }
}