{
  "error": {
    "mean": 13.682928710463077,
    "std": 3.7935299247673875,
    "min": 8.241864177192852,
    "max": 20.1061713815433,
    "count": 5
  },
  "fix": {
    "mean": 16.611992789425507,
    "std": 2.198295722228935,
    "min": 14.367215064264633,
    "max": 19.59703724202285,
    "count": 3
  },
  "neg_normal": {
    "mean": 15.336479408967085,
    "std": 2.8681599002868783,
    "min": 8.622734034145926,
    "max": 20.01677025270134,
    "count": 19
  },
  "pos_normal": {
    "mean": 15.024083089419728,
    "std": 2.661317977961223,
    "min": 10.748096409092138,
    "max": 20.010274492749833,
    "count": 38
  }
}