{
  "error": {
    "mean": 13.952570669614268,
    "std": 1.3172682316414142,
    "min": 11.0285798206592,
    "max": 16.003112098799207,
    "count": 13
  },
  "fix": {
    "mean": 11.726550615583605,
    "std": 0.9979656953861671,
    "min": 10.037169177876216,
    "max": 13.395272319568475,
    "count": 12
  },
  "neg_normal": {
    "mean": 13.958149118505256,
    "std": 2.9061318970883456,
    "min": 8.115823055332092,
    "max": 19.784260131538254,
    "count": 46
  },
  "pos_normal": {
    "mean": 14.555835612734212,
    "std": 2.8505630323733744,
    "min": 11.08271356360936,
    "max": 18.590514159864565,
    "count": 28
  }
}