{
  "error": {
    "mean": 12.810372364231554,
    "std": 4.721512168148277,
    "min": 6.139016842056202,
    "max": 16.3884905376141,
    "count": 3
  },
  "fix": {
    "mean": 19.43039151374667,
    "std": 0.0,
    "min": 19.43039151374667,
    "max": 19.43039151374667,
    "count": 2
  },
  "neg_normal": {
    "mean": 14.106639745203312,
    "std": 1.4764174593602655,
    "min": 10.642850344382948,
    "max": 17.015119701916674,
    "count": 28
  },
  "pos_normal": {
    "mean": null,
    "std": null,
    "min": null,
    "max": null,
    "count": 0
  }
}