{
  "error": {
    "mean": 0.47224277936482356,
    "std": 0.04901506950872976,
    "min": 0.40304137067439527,
    "max": 0.5103204557927058,
    "count": 3
  },
  "fix": {
    "mean": 0.5462264998042994,
    "std": 0.014591862698829007,
    "min": 0.5231491667321182,
    "max": 0.5603023574453615,
    "count": 4
  },
  "neg_normal": {
    "mean": 0.4999389439176135,
    "std": 0.04838497880358466,
    "min": 0.39439158501462435,
    "max": 0.5565394709454149,
    "count": 10
  },
  "pos_normal": {
    "mean": 0.5201357493053427,
    "std": 0.03511987507808825,
    "min": 0.4306147089016708,
    "max": 0.5767630364728711,
    "count": 26
  }
}