{
  "error": {
    "mean": 0.48679326740961626,
    "std": 0.02879172427745913,
    "min": 0.45800154313215713,
    "max": 0.5155849916870754,
    "count": 2
  },
  "fix": {
    "mean": 0.5293331441222087,
    "std": 0.0043732194656360135,
    "min": 0.5249599246565726,
    "max": 0.5337063635878446,
    "count": 2
  },
  "neg_normal": {
    "mean": 0.4825551636376151,
    "std": 0.041748860458657326,
    "min": 0.3705758942195001,
    "max": 0.5644792694334269,
    "count": 25
  },
  "pos_normal": {
    "mean": 0.49180727046182604,
    "std": 0.0470662969009849,
    "min": 0.41099243344350944,
    "max": 0.5764211153782353,
    "count": 40
  }
}