{
  "error": {
    "mean": 0.4765651861762165,
    "std": 0.01697049038120825,
    "min": 0.4603640917260739,
    "max": 0.49999999959276864,
    "count": 3
  },
  "fix": {
    "mean": 0.4305272730339531,
    "std": 0.0,
    "min": 0.4305272730339531,
    "max": 0.4305272730339531,
    "count": 2
  },
  "neg_normal": {
    "mean": 0.49817444316923376,
    "std": 0.030326315566622974,
    "min": 0.4261138061588501,
    "max": 0.5638546257208852,
    "count": 28
  },
  "pos_normal": {
    "mean": null,
    "std": null,
    "min": null,
    "max": null,
    "count": 0
  }
}