{
  "error": {
    "mean": 20.171974775403385,
    "std": 0.0,
    "min": 20.171974775403385,
    "max": 20.171974775403385,
    "count": 1
  },
  "fix": {
    "mean": 20.105244702817913,
    "std": 0.0,
    "min": 20.105244702817913,
    "max": 20.105244702817913,
    "count": 1
  },
  "neg_normal": {
    "mean": 11.98075976030848,
    "std": 0.4770560467428624,
    "min": 11.370171874645875,
    "max": 12.534570368601969,
    "count": 3
  },
  "pos_normal": {
    "mean": 12.811959364486375,
    "std": 1.2469617647109588,
    "min": 11.511938948057722,
    "max": 14.49387589191195,
    "count": 3
  }
}