{
  "error": {
    "mean": 14.086109572747798,
    "std": 1.773615527896684,
    "min": 12.084029206284152,
    "max": 16.12251355960895,
    "count": 4
  },
  "fix": {
    "mean": 13.584608362437729,
    "std": 1.712847479058283,
    "min": 11.476471080700419,
    "max": 16.403107030826387,
    "count": 7
  },
  "neg_normal": {
    "mean": 15.399230335507127,
    "std": 3.011458702677718,
    "min": 10.011853555329937,
    "max": 20.864619526352318,
    "count": 13
  },
  "pos_normal": {
    "mean": 13.54283691930284,
    "std": 3.0530064211585985,
    "min": 10.31241021175167,
    "max": 20.91079626807506,
    "count": 15
  }
}