{
  "error": {
    "mean": 14.498464262336928,
    "std": 1.490311905551252,
    "min": 13.008152356785676,
    "max": 15.98877616788818,
    "count": 2
  },
  "fix": {
    "mean": 12.610783016400326,
    "std": 0.4529373702384758,
    "min": 12.157845646161851,
    "max": 13.063720386638803,
    "count": 2
  },
  "neg_normal": {
    "mean": 14.935988664209242,
    "std": 2.2211027700074246,
    "min": 11.8744501665123,
    "max": 20.34953262643899,
    "count": 25
  },
  "pos_normal": {
    "mean": 15.266334497496038,
    "std": 2.659844208079275,
    "min": 10.17745732991627,
    "max": 19.433243809499473,
    "count": 40
  }
}