{
  "error": {
    "mean": 0.90625,
    "std": 0.0,
    "min": 0.90625,
    "max": 0.90625,
    "count": 1
  },
  "fix": {
    "mean": 0.8125,
    "std": 0.0,
    "min": 0.8125,
    "max": 0.8125,
    "count": 1
  },
  "neg_normal": {
    "mean": 0.9629629629629629,
    "std": 0.05237828008789243,
    "min": 0.8888888888888888,
    "max": 1.0,
    "count": 3
  },
  "pos_normal": {
    "mean": 0.8918128654970761,
    "std": 0.04660051886113806,
    "min": 0.8333333333333334,
    "max": 0.9473684210526315,
    "count": 3
  }
}