{
  "error": {
    "mean": 0.776092774308653,
    "std": 0.01338090990187335,
    "min": 0.7627118644067796,
    "max": 0.7894736842105263,
    "count": 2
  },
  "fix": {
    "mean": 0.6094771241830066,
    "std": 0.3342971136756707,
    "min": 0.2777777777777778,
    "max": 1.0,
    "count": 4
  },
  "neg_normal": {
    "mean": null,
    "std": null,
    "min": null,
    "max": null,
    "count": 0
  },
  "pos_normal": {
    "mean": 0.9592760180995477,
    "std": 0.09813198998258292,
    "min": 0.6923076923076923,
    "max": 1.0,
    "count": 18
  }
}