{
  "error": {
    "mean": 0.8410087719298246,
    "std": 0.1474097784229388,
    "min": 0.6140350877192983,
    "max": 1.0,
    "count": 4
  },
  "fix": {
    "mean": 0.7013574660633483,
    "std": 0.2773546231046588,
    "min": 0.16666666666666666,
    "max": 1.0,
    "count": 6
  },
  "neg_normal": {
    "mean": 0.7650991430728983,
    "std": 0.23993570019753918,
    "min": 0.32,
    "max": 1.0,
    "count": 33
  },
  "pos_normal": {
    "mean": 0.6905966079483559,
    "std": 0.3500471379322845,
    "min": 0.0,
    "max": 1.0,
    "count": 34
  }
}