{
  "error": {
    "mean": 0.9353943850267379,
    "std": 0.08063306813531182,
    "min": 0.78125,
    "max": 1.0,
    "count": 5
  },
  "fix": {
    "mean": 0.7191744482173176,
    "std": 0.2854858234218133,
    "min": 0.3157894736842105,
    "max": 0.9354838709677419,
    "count": 3
  },
  "neg_normal": {
    "mean": 0.7811131294576888,
    "std": 0.2659619327635589,
    "min": 0.075,
    "max": 1.0,
    "count": 19
  },
  "pos_normal": {
    "mean": 0.8498738510149453,
    "std": 0.20248537965610663,
    "min": 0.017543859649122806,
    "max": 1.0,
    "count": 38
  }
}