{
  "error": {
    "mean": 0.7299888517279821,
    "std": 0.28540960067836146,
    "min": 0.3269230769230769,
    "max": 0.95,
    "count": 3
  },
  "fix": {
    "mean": 0.5240462662337662,
    "std": 0.31064333108722275,
    "min": 0.13636363636363635,
    "max": 1.0,
    "count": 4
  },
  "neg_normal": {
    "mean": 0.7633752583820902,
    "std": 0.30198234745615743,
    "min": 0.0,
    "max": 1.0,
    "count": 10
  },
  "pos_normal": {
    "mean": 0.7812668032645242,
    "std": 0.30640426786383534,
    "min": 0.0,
    "max": 1.0,
    "count": 26
  }
}