{
  "error": {
    "mean": 0.8321078431372549,
    "std": 0.12622549019607843,
    "min": 0.7058823529411765,
    "max": 0.9583333333333334,
    "count": 2
  },
  "fix": {
    "mean": 0.95,
    "std": 0.04999999999999999,
    "min": 0.9,
    "max": 1.0,
    "count": 2
  },
  "neg_normal": {
    "mean": 0.8251936818984603,
    "std": 0.2522603523185286,
    "min": 0.023809523809523808,
    "max": 1.0,
    "count": 25
  },
  "pos_normal": {
    "mean": 0.8196550063257024,
    "std": 0.23676622224255686,
    "min": 0.0,
    "max": 1.0,
    "count": 40
  }
}