{
  "error": {
    "mean": 0.9515151515151515,
    "std": 0.06856793029687736,
    "min": 0.8545454545454545,
    "max": 1.0,
    "count": 3
  },
  "fix": {
    "mean": 0.9166666666666666,
    "std": 0.0,
    "min": 0.9166666666666666,
    "max": 0.9166666666666666,
    "count": 2
  },
  "neg_normal": {
    "mean": 0.8221914892334533,
    "std": 0.25242803007000225,
    "min": 0.0,
    "max": 1.0,
    "count": 28
  },
  "pos_normal": {
    "mean": null,
    "std": null,
    "min": null,
    "max": null,
    "count": 0
  }
}