{
  "error": {
    "mean": 3.0822556775244467,
    "std": 0.0,
    "min": 3.0822556775244467,
    "max": 3.0822556775244467,
    "count": 1
  },
  "fix": {
    "mean": 3.1991157650295574,
    "std": 0.0,
    "min": 3.1991157650295574,
    "max": 3.1991157650295574,
    "count": 1
  },
  "neg_normal": {
    "mean": 1.8801099238387486,
    "std": 0.09081779953088874,
    "min": 1.7668874767745593,
    "max": 1.9892313099876804,
    "count": 3
  },
  "pos_normal": {
    "mean": 2.0706010571320803,
    "std": 0.030055961663766926,
    "min": 2.044122848866237,
    "max": 2.1126363348402135,
    "count": 3
  }
}