{
  "error": {
    "mean": 3.4610935235292475,
    "std": 0.5296207731306868,
    "min": 2.9314727503985605,
    "max": 3.990714296659934,
    "count": 2
  },
  "fix": {
    "mean": 2.2074010702049973,
    "std": 0.47898965818571154,
    "min": 1.7541686623421746,
    "max": 3.013628166106904,
    "count": 4
  },
  "neg_normal": {
    "mean": null,
    "std": null,
    "min": null,
    "max": null,
    "count": 0
  },
  "pos_normal": {
    "mean": 1.8576466816301371,
    "std": 0.34080956234826937,
    "min": 1.5174672308456507,
    "max": 3.013628166106904,
    "count": 18
  }
}