{
  "error": {
    "mean": 2.8255846483577676,
    "std": 0.8834664719404046,
    "min": 1.8797995916573538,
    "max": 4.157007109970689,
    "count": 4
  },
  "fix": {
    "mean": 2.9451698691011754,
    "std": 1.0604381740597772,
    "min": 1.8937037816351383,
    "max": 4.5909202250694054,
    "count": 6
  },
  "neg_normal": {
    "mean": 2.6693955840733468,
    "std": 0.9351646911136543,
    "min": 1.6908988871925492,
    "max": 4.780364379699917,
    "count": 33
  },
  "pos_normal": {
    "mean": 2.6335010444671942,
    "std": 0.7105402874715466,
    "min": 1.7584772307087921,
    "max": 4.5909202250694054,
    "count": 34
  }
}