{
  "error": {
    "mean": 2.2906099314359984,
    "std": 0.8547144661436438,
    "min": 1.2439694008659252,
    "max": 3.858094662864975,
    "count": 5
  },
  "fix": {
    "mean": 2.516753138455886,
    "std": 0.24649136005933617,
    "min": 2.2111646063645405,
    "max": 2.8148013981352777,
    "count": 3
  },
  "neg_normal": {
    "mean": 2.274494293555668,
    "std": 0.48232450018140377,
    "min": 1.3883889926687947,
    "max": 3.1480649183409875,
    "count": 19
  },
  "pos_normal": {
    "mean": 2.3797947334941907,
    "std": 0.5194749807179709,
    "min": 1.5528479493213687,
    "max": 3.6085534251298066,
    "count": 38
  }
}