{
  "error": {
    "mean": 2.149283254865666,
    "std": 0.30772632995779975,
    "min": 1.6340800892025031,
    "max": 2.635742382028657,
    "count": 13
  },
  "fix": {
    "mean": 1.7709676051729184,
    "std": 0.13783677086536905,
    "min": 1.5212350744635381,
    "max": 1.8860954606874931,
    "count": 12
  },
  "neg_normal": {
    "mean": 2.2472410685733446,
    "std": 0.6128940858783211,
    "min": 1.4111236804467444,
    "max": 3.6021198507660226,
    "count": 46
  },
  "pos_normal": {
    "mean": 2.387183573812172,
    "std": 0.6685481896442869,
    "min": 1.5212350744635381,
    "max": 3.442763339108131,
    "count": 28
  }
}