{
  "error": {
    "mean": 1.9436566234793602,
    "std": 1.4838536039055132,
    "min": 0.0,
    "max": 3.600599140471478,
    "count": 3
  },
  "fix": {
    "mean": 3.439280078730259,
    "std": 0.0,
    "min": 3.439280078730259,
    "max": 3.439280078730259,
    "count": 2
  },
  "neg_normal": {
    "mean": 2.124783344444324,
    "std": 0.28828557696486024,
    "min": 1.6247905473675488,
    "max": 2.930625922988822,
    "count": 28
  },
  "pos_normal": {
    "mean": null,
    "std": null,
    "min": null,
    "max": null,
    "count": 0
  }
}