{
  "error": {
    "mean": 0.3623916523762979,
    "std": 0.0,
    "min": 0.3623916523762979,
    "max": 0.3623916523762979,
    "count": 1
  },
  "fix": {
    "mean": 0.34307707919044866,
    "std": 0.0,
    "min": 0.34307707919044866,
    "max": 0.34307707919044866,
    "count": 1
  },
  "neg_normal": {
    "mean": 0.375437179264189,
    "std": 0.019379253491038213,
    "min": 0.3480725094505821,
    "max": 0.3904288396840248,
    "count": 3
  },
  "pos_normal": {
    "mean": 0.35775512368370704,
    "std": 0.028859296267909087,
    "min": 0.32445474855846007,
    "max": 0.39484062954595095,
    "count": 3
  }
}