{
  "error": {
    "mean": 0.31928685132269014,
    "std": 0.012991588122960397,
    "min": 0.29751032306630093,
    "max": 0.33170233682711325,
    "count": 4
  },
  "fix": {
    "mean": 0.3758770289585009,
    "std": 0.019043131525132116,
    "min": 0.3522454575300044,
    "max": 0.3972126358560383,
    "count": 7
  },
  "neg_normal": {
    "mean": 0.3624235972453978,
    "std": 0.031129776139982464,
    "min": 0.30017249542168634,
    "max": 0.42588713868016814,
    "count": 13
  },
  "pos_normal": {
    "mean": 0.3652529773748025,
    "std": 0.032470412669244074,
    "min": 0.29506477212231846,
    "max": 0.43018714285497506,
    "count": 15
  }
}