{
  "error": {
    "mean": 0.3451830128958038,
    "std": 0.029753791875725324,
    "min": 0.3108561975314724,
    "max": 0.39153219126010236,
    "count": 4
  },
  "fix": {
    "mean": 0.33903455030371915,
    "std": 0.0344713552513727,
    "min": 0.27095680386486054,
    "max": 0.3734401407245185,
    "count": 6
  },
  "neg_normal": {
    "mean": 0.34450017808559324,
    "std": 0.03823028092225311,
    "min": 0.2576481865504992,
    "max": 0.4134675542448248,
    "count": 33
  },
  "pos_normal": {
    "mean": 0.35035102495894493,
    "std": 0.02942037725139932,
    "min": 0.27095680386486015,
    "max": 0.4075715532161106,
    "count": 34
  }
}