{
  "error": {
    "mean": 0.3407911407779554,
    "std": 0.037712125286799354,
    "min": 0.291393377617653,
    "max": 0.38290272853893553,
    "count": 3
  },
  "fix": {
    "mean": 0.33146924911933096,
    "std": 0.03607674950567461,
    "min": 0.29027676438943295,
    "max": 0.3691884664794588,
    "count": 4
  },
  "neg_normal": {
    "mean": 0.3469959998547535,
    "std": 0.027031201968859286,
    "min": 0.2861983901240777,
    "max": 0.3845766771647115,
    "count": 10
  },
  "pos_normal": {
    "mean": 0.34453535622991827,
    "std": 0.026643863231216983,
    "min": 0.29027676438943345,
    "max": 0.3784520291329907,
    "count": 26
  }
}