{
  "error": {
    "mean": 0.34419889084094585,
    "std": 0.038874537763205944,
    "min": 0.29014995009408334,
    "max": 0.3799341896802005,
    "count": 3
  },
  "fix": {
    "mean": 0.1991979194970758,
    "std": 0.1991979194970758,
    "min": 0.0,
    "max": 0.3983958389941516,
    "count": 2
  },
  "neg_normal": {
    "mean": 0.3038026505712987,
    "std": 0.0865738684524816,
    "min": 0.12976907332138177,
    "max": 0.4323271888801277,
    "count": 69
  },
  "pos_normal": {
    "mean": null,
    "std": null,
    "min": null,
    "max": null,
    "count": 0
  }
}