{
  "error": {
    "mean": 0.2523507229475758,
    "std": 0.17849706621708256,
    "min": 0.0,
    "max": 0.3841062674860303,
    "count": 3
  },
  "fix": {
    "mean": 0.3949958376069208,
    "std": 8.777083671441753e-17,
    "min": 0.39499583760692075,
    "max": 0.3949958376069209,
    "count": 2
  },
  "neg_normal": {
    "mean": 0.36592209058707453,
    "std": 0.0438960916952835,
    "min": 0.2529887080748665,
    "max": 0.42368101915923706,
    "count": 28
  },
  "pos_normal": {
    "mean": null,
    "std": null,
    "min": null,
    "max": null,
    "count": 0
  }
}