{
  "error": {
    "mean": 15.888542715900282,
    "std": 3.805835539454376,
    "min": 11.477477900994685,
    "max": 20.51426624367252,
    "count": 4
  },
  "fix": {
    "mean": 16.1152559916145,
    "std": 4.1779639746899875,
    "min": 11.481172563546973,
    "max": 21.277217031371723,
    "count": 6
  },
  "neg_normal": {
    "mean": 15.117701614514813,
    "std": 3.1626059588256723,
    "min": 9.560984988293002,
    "max": 19.573679675813544,
    "count": 33
  },
  "pos_normal": {
    "mean": 15.950006614498731,
    "std": 3.090959120132002,
    "min": 11.066017685214169,
    "max": 21.277217031371723,
    "count": 34
  }
}