{
  "error": {
    "mean": 15.142100394412173,
    "std": 3.202720781274609,
    "min": 11.382029037756407,
    "max": 19.209035281404006,
    "count": 3
  },
  "fix": {
    "mean": 11.14661590245466,
    "std": 5.020003746674479,
    "min": 6.126612155780181,
    "max": 16.16661964912914,
    "count": 2
  },
  "neg_normal": {
    "mean": 14.00937194308599,
    "std": 2.8205847811344085,
    "min": 9.541917213222856,
    "max": 19.446983738705722,
    "count": 69
  },
  "pos_normal": {
    "mean": null,
    "std": null,
    "min": null,
    "max": null,
    "count": 0
  }
}