{
  "error": {
    "mean": 1.0025855008644318,
    "std": 0.06458822674600269,
    "min": 0.9528571230764318,
    "max": 1.093803098738077,
    "count": 3
  },
  "fix": {
    "mean": 1.1367047742009229,
    "std": 0.13555239251812037,
    "min": 0.9372114433870071,
    "max": 1.3138007946534351,
    "count": 4
  },
  "neg_normal": {
    "mean": 1.1205894186726435,
    "std": 0.2695651525273003,
    "min": 0.6987609510931384,
    "max": 1.5322635984451511,
    "count": 10
  },
  "pos_normal": {
    "mean": 1.1436330781356763,
    "std": 0.14727187629787927,
    "min": 0.8269981055052187,
    "max": 1.3887513705666013,
    "count": 26
  }
}