{
  "error": {
    "mean": 1.1635352199821223,
    "std": 0.2153938169663625,
    "min": 0.9342598373738299,
    "max": 1.6000642931153979,
    "count": 13
  },
  "fix": {
    "mean": 1.160511166134176,
    "std": 0.23582915962990497,
    "min": 0.9290761359409094,
    "max": 1.678004062279061,
    "count": 12
  },
  "neg_normal": {
    "mean": 1.2028364787726606,
    "std": 0.21156339652604036,
    "min": 0.8213799496243657,
    "max": 1.5628834491357717,
    "count": 46
  },
  "pos_normal": {
    "mean": 1.314195114182186,
    "std": 0.3043602635146595,
    "min": 0.9439305007783744,
    "max": 1.9644070605372899,
    "count": 28
  }
}