{
  "error": {
    "mean": 409266033.62406045,
    "std": 578789573.4880276,
    "min": 1.0972626114694373,
    "max": 1227798098.2109683,
    "count": 3
  },
  "fix": {
    "mean": 1.3151286991916376,
    "std": 0.00014608607985355793,
    "min": 1.3149826131117839,
    "max": 1.315274785271491,
    "count": 2
  },
  "neg_normal": {
    "mean": 1.098149024443411,
    "std": 0.1941253386454602,
    "min": 0.7881799416886441,
    "max": 1.5267938230068112,
    "count": 28
  },
  "pos_normal": {
    "mean": null,
    "std": null,
    "min": null,
    "max": null,
    "count": 0
  }
}