{
  "error": {
    "mean": 2537.639126887352,
    "std": 0.0,
    "min": 2537.639126887352,
    "max": 2537.639126887352,
    "count": 1
  },
  "fix": {
    "mean": 2607.4904271338623,
    "std": 0.0,
    "min": 2607.4904271338623,
    "max": 2607.4904271338623,
    "count": 1
  },
  "neg_normal": {
    "mean": 942.6978966966466,
    "std": 138.07727556253337,
    "min": 749.3498846584408,
    "max": 1063.0448983186104,
    "count": 3
  },
  "pos_normal": {
    "mean": 1032.7226046231226,
    "std": 161.32788354217712,
    "min": 811.6246613817422,
    "max": 1192.0240493412969,
    "count": 3
  }
}