{
  "error": {
    "mean": 2682.862151861572,
    "std": 1271.2003728094267,
    "min": 993.4960537356955,
    "max": 4320.833421283858,
    "count": 4
  },
  "fix": {
    "mean": 1332.9356350754824,
    "std": 539.3813724026378,
    "min": 737.9140385041203,
    "max": 1973.0655382001798,
    "count": 7
  },
  "neg_normal": {
    "mean": 1360.2288344829415,
    "std": 1111.2898344142955,
    "min": 0.0,
    "max": 3441.6237496061462,
    "count": 13
  },
  "pos_normal": {
    "mean": 1282.697235341275,
    "std": 1131.9232643191494,
    "min": 77.53452574915093,
    "max": 3918.2337227305675,
    "count": 15
  }
}