{
  "error": {
    "mean": 1392.078460837863,
    "std": 583.1746081367512,
    "min": 319.8786905474833,
    "max": 2159.244034586748,
    "count": 8
  },
  "fix": {
    "mean": 1216.5974111655742,
    "std": 494.0050896659249,
    "min": 0.0,
    "max": 2073.777542461578,
    "count": 10
  },
  "neg_normal": {
    "mean": 1880.2700194566971,
    "std": 1212.8963198379754,
    "min": 329.34200629796385,
    "max": 5984.203780849335,
    "count": 23
  },
  "pos_normal": {
    "mean": 1395.5144218766281,
    "std": 833.2394489181016,
    "min": 0.0,
    "max": 4364.351344867938,
    "count": 30
  }
}