{
  "error": {
    "mean": 2508.0978148423255,
    "std": 1370.686726420133,
    "min": 1137.4110884221923,
    "max": 3878.7845412624583,
    "count": 2
  },
  "fix": {
    "mean": 1887.8371882379115,
    "std": 733.7679523996331,
    "min": 653.1309366291687,
    "max": 2583.4195474379994,
    "count": 4
  },
  "neg_normal": {
    "mean": null,
    "std": null,
    "min": null,
    "max": null,
    "count": 0
  },
  "pos_normal": {
    "mean": 1181.1527461038777,
    "std": 560.3942206796472,
    "min": 169.41172961476377,
    "max": 2583.4195474379994,
    "count": 18
  }
}