{
  "error": {
    "mean": 1811.9549470102927,
    "std": 1496.2122733739484,
    "min": 783.5391341626023,
    "max": 4392.618320732312,
    "count": 4
  },
  "fix": {
    "mean": 1702.796693755995,
    "std": 789.4376080863992,
    "min": 910.4310693210543,
    "max": 3181.490999850656,
    "count": 6
  },
  "neg_normal": {
    "mean": 1411.0224598917262,
    "std": 638.4895147360705,
    "min": 0.0,
    "max": 2603.1132761849776,
    "count": 33
  },
  "pos_normal": {
    "mean": 1989.288479345793,
    "std": 1246.083658904771,
    "min": 538.1829970550557,
    "max": 4626.033496998997,
    "count": 34
  }
}