{
  "error": {
    "mean": 1151.2560563001762,
    "std": 782.266769636919,
    "min": 73.1519052151134,
    "max": 2414.5424057182972,
    "count": 5
  },
  "fix": {
    "mean": 2273.601692024129,
    "std": 64.52155121887954,
    "min": 2208.7628093370313,
    "max": 2361.622260392697,
    "count": 3
  },
  "neg_normal": {
    "mean": 2144.0331633063706,
    "std": 1243.7839744647124,
    "min": 0.0,
    "max": 4651.801593730872,
    "count": 19
  },
  "pos_normal": {
    "mean": 1452.170563552681,
    "std": 803.7927513443656,
    "min": 107.19900433334124,
    "max": 4329.993798551123,
    "count": 38
  }
}