{
  "error": {
    "mean": 1706.727079177691,
    "std": 344.64654383968434,
    "min": 1362.0805353380067,
    "max": 2051.3736230173754,
    "count": 2
  },
  "fix": {
    "mean": 1121.768759070801,
    "std": 61.96453921985733,
    "min": 1059.8042198509438,
    "max": 1183.7332982906585,
    "count": 2
  },
  "neg_normal": {
    "mean": 1558.1548633117523,
    "std": 851.3567348085908,
    "min": 582.1096016853385,
    "max": 3876.933529261672,
    "count": 25
  },
  "pos_normal": {
    "mean": 1613.6594794668158,
    "std": 846.7982913570548,
    "min": 698.8580274900678,
    "max": 3971.5060640715037,
    "count": 40
  }
}