{
  "error": {
    "mean": 0.5619955936920222,
    "std": 0.24699911190677679,
    "min": 0.2727272727272727,
    "max": 0.9,
    "count": 4
  },
  "fix": {
    "mean": 0.9411751908772408,
    "std": 0.034436776026795846,
    "min": 0.896551724137931,
    "max": 1.0,
    "count": 7
  },
  "neg_normal": {
    "mean": 0.8981404685276342,
    "std": 0.08090780451594305,
    "min": 0.7804878048780488,
    "max": 1.0,
    "count": 13
  },
  "pos_normal": {
    "mean": 0.9168503493351365,
    "std": 0.12965182753541352,
    "min": 0.625,
    "max": 1.0,
    "count": 15
  }
}