{
  "error": {
    "mean": 0.817010934467831,
    "std": 0.2066128692465137,
    "min": 0.5151515151515151,
    "max": 1.0,
    "count": 8
  },
  "fix": {
    "mean": 0.9634611607388377,
    "std": 0.03201196750651565,
    "min": 0.9090909090909091,
    "max": 1.0,
    "count": 10
  },
  "neg_normal": {
    "mean": 0.7972577780475882,
    "std": 0.27837798021941834,
    "min": 0.0,
    "max": 1.0,
    "count": 23
  },
  "pos_normal": {
    "mean": 0.9400466321782905,
    "std": 0.06199510841356138,
    "min": 0.7450980392156863,
    "max": 1.0,
    "count": 30
  }
}