{
  "error": {
    "mean": 0.8047672286107033,
    "std": 0.16736442070654442,
    "min": 0.46153846153846156,
    "max": 1.0,
    "count": 13
  },
  "fix": {
    "mean": 0.838789877777642,
    "std": 0.14228263266351507,
    "min": 0.5161290322580645,
    "max": 0.9655172413793104,
    "count": 12
  },
  "neg_normal": {
    "mean": 0.8668817613625123,
    "std": 0.15293566906908512,
    "min": 0.28205128205128205,
    "max": 1.0,
    "count": 46
  },
  "pos_normal": {
    "mean": 0.8417717314949619,
    "std": 0.1837704138031988,
    "min": 0.18181818181818182,
    "max": 1.0,
    "count": 28
  }
}