{
  "gsm_700_731": {
    "error_regions": {
      "mean": 0.12588331945711387,
      "std": 0.035942358644826054,
      "count": 39
    },
    "fix_regions": {
      "mean": 0.11592789324879645,
      "std": 0.0234481552917953,
      "count": 38
    },
    "neg_normal_regions": {
      "mean": null,
      "std": null,
      "count": 0
    },
    "pos_normal_regions": {
      "mean": null,
      "std": null,
      "count": 0
    }
  },
  "gsm_901_950": {
    "error_regions": {
      "mean": 0.11166534447591864,
      "std": 0.017338017343934333,
      "count": 13
    },
    "fix_regions": {
      "mean": 0.11090937150764961,
      "std": 0.017674465620527515,
      "count": 13
    },
    "neg_normal_regions": {
      "mean": null,
      "std": null,
      "count": 0
    },
    "pos_normal_regions": {
      "mean": null,
      "std": null,
      "count": 0
    }
  },
  "algebra_level_3": {
    "error_regions": {
      "mean": 0.12170502848949975,
      "std": 0.05424686138805839,
      "count": 7
    },
    "fix_regions": {
      "mean": 0.1227997413055586,
      "std": 0.01411832143689604,
      "count": 5
    },
    "neg_normal_regions": {
      "mean": null,
      "std": null,
      "count": 0
    },
    "pos_normal_regions": {
      "mean": null,
      "std": null,
      "count": 0
    }
  },
  "algebra_level_4": {
    "error_regions": {
      "mean": 0.12324801986615157,
      "std": 0.028681484020808064,
      "count": 14
    },
    "fix_regions": {
      "mean": 0.10632122884583142,
      "std": 0.016710980178382098,
      "count": 15
    },
    "neg_normal_regions": {
      "mean": null,
      "std": null,
      "count": 0
    },
    "pos_normal_regions": {
      "mean": null,
      "std": null,
      "count": 0
    }
  },
  "algebra_level_5": {
    "error_regions": {
      "mean": 0.11741646279836926,
      "std": 0.03340605466268193,
      "count": 16
    },
    "fix_regions": {
      "mean": 0.10447645178724817,
      "std": 0.02016387027296194,
      "count": 14
    },
    "neg_normal_regions": {
      "mean": null,
      "std": null,
      "count": 0
    },
    "pos_normal_regions": {
      "mean": null,
      "std": null,
      "count": 0
    }
  }
}