{
  "gsm_700_731": {
    "error_regions": {
      "mean": 0.03074000667012594,
      "std": 0.006791444872304874,
      "count": 39
    },
    "fix_regions": {
      "mean": 0.035184179078394676,
      "std": 0.009874895845872225,
      "count": 38
    },
    "neg_normal_regions": {
      "mean": null,
      "std": null,
      "count": 0
    },
    "pos_normal_regions": {
      "mean": null,
      "std": null,
      "count": 0
    }
  },
  "gsm_901_950": {
    "error_regions": {
      "mean": 0.06659510895821086,
      "std": 0.017086645268641232,
      "count": 13
    },
    "fix_regions": {
      "mean": 0.07269501299325108,
      "std": 0.017294792343275564,
      "count": 13
    },
    "neg_normal_regions": {
      "mean": null,
      "std": null,
      "count": 0
    },
    "pos_normal_regions": {
      "mean": null,
      "std": null,
      "count": 0
    }
  },
  "algebra_level_3": {
    "error_regions": {
      "mean": 0.0803115749201607,
      "std": 0.020398460892116808,
      "count": 7
    },
    "fix_regions": {
      "mean": 0.07246675277368213,
      "std": 0.012180095413152195,
      "count": 5
    },
    "neg_normal_regions": {
      "mean": null,
      "std": null,
      "count": 0
    },
    "pos_normal_regions": {
      "mean": null,
      "std": null,
      "count": 0
    }
  },
  "algebra_level_4": {
    "error_regions": {
      "mean": 0.06926161434059551,
      "std": 0.02176009044410082,
      "count": 14
    },
    "fix_regions": {
      "mean": 0.05885442490562555,
      "std": 0.01925580884116048,
      "count": 15
    },
    "neg_normal_regions": {
      "mean": null,
      "std": null,
      "count": 0
    },
    "pos_normal_regions": {
      "mean": null,
      "std": null,
      "count": 0
    }
  },
  "algebra_level_5": {
    "error_regions": {
      "mean": 0.06539058318647391,
      "std": 0.01982606639882893,
      "count": 16
    },
    "fix_regions": {
      "mean": 0.06212790234643389,
      "std": 0.01996656663373762,
      "count": 14
    },
    "neg_normal_regions": {
      "mean": null,
      "std": null,
      "count": 0
    },
    "pos_normal_regions": {
      "mean": null,
      "std": null,
      "count": 0
    }
  }
}