{
  "error": {
    "mean": 6.267417875932394,
    "std": 0.0,
    "min": 6.267417875932394,
    "max": 6.267417875932394,
    "count": 1
  },
  "fix": {
    "mean": 5.86441149881452,
    "std": 0.0,
    "min": 5.86441149881452,
    "max": 5.86441149881452,
    "count": 1
  },
  "neg_normal": {
    "mean": 6.83132467528645,
    "std": 1.383264436451659,
    "min": 5.345526153393134,
    "max": 8.676237010557827,
    "count": 3
  },
  "pos_normal": {
    "mean": 6.7394486956943025,
    "std": 1.5068720409861684,
    "min": 5.345526153393134,
    "max": 8.83237915755334,
    "count": 3
  }
}