{
  "error": {
    "mean": 6.313180896742936,
    "std": 1.6348018859843205,
    "min": 3.9550357541766803,
    "max": 8.964659874105207,
    "count": 8
  },
  "fix": {
    "mean": 7.579580780105343,
    "std": 1.3151889882968237,
    "min": 6.145801835590023,
    "max": 10.116939711322754,
    "count": 10
  },
  "neg_normal": {
    "mean": 7.122539807388439,
    "std": 2.110398824333012,
    "min": 1.9494836174991175,
    "max": 9.82378925102241,
    "count": 23
  },
  "pos_normal": {
    "mean": 6.93878488644675,
    "std": 1.0496057942758497,
    "min": 5.226491901803963,
    "max": 9.508446698696535,
    "count": 30
  }
}