{
  "error": {
    "mean": 5.851634108606797,
    "std": 1.1631612139893117,
    "min": 4.688472894617485,
    "max": 7.014795322596108,
    "count": 2
  },
  "fix": {
    "mean": 5.173801405096263,
    "std": 1.760239905343673,
    "min": 3.424644994194605,
    "max": 7.201871331503836,
    "count": 4
  },
  "neg_normal": {
    "mean": null,
    "std": null,
    "min": null,
    "max": null,
    "count": 0
  },
  "pos_normal": {
    "mean": 6.806685878002982,
    "std": 1.5985295143544156,
    "min": 3.988869186719759,
    "max": 9.420701679272186,
    "count": 18
  }
}