{
  "error": {
    "mean": 5.631782300489647,
    "std": 0.6442611455316944,
    "min": 4.988164477650915,
    "max": 6.589321331794637,
    "count": 4
  },
  "fix": {
    "mean": 5.704714730085289,
    "std": 1.5166682487668535,
    "min": 2.8980714752168946,
    "max": 7.571161127329348,
    "count": 6
  },
  "neg_normal": {
    "mean": 6.208364068064452,
    "std": 1.6126192069167953,
    "min": 3.3569750949258252,
    "max": 9.82984256939337,
    "count": 33
  },
  "pos_normal": {
    "mean": 5.921210385404763,
    "std": 1.7503116130277558,
    "min": 2.8980714752168946,
    "max": 10.066915652262425,
    "count": 34
  }
}