{
  "error": {
    "mean": 5.000209942419505,
    "std": 3.001065359419534,
    "min": 1.3593092288709825,
    "max": 8.709435413606077,
    "count": 3
  },
  "fix": {
    "mean": 12.669470505619367,
    "std": 0.41624619405900454,
    "min": 12.253224311560363,
    "max": 13.085716699678372,
    "count": 2
  },
  "neg_normal": {
    "mean": 3.6534300578726326,
    "std": 2.7139091187183952,
    "min": 0.935787517739497,
    "max": 11.659383914182447,
    "count": 69
  },
  "pos_normal": {
    "mean": null,
    "std": null,
    "min": null,
    "max": null,
    "count": 0
  }
}