{
  "error": {
    "mean": 10.124630893801507,
    "std": 3.4383885160455545,
    "min": 5.272228808983032,
    "max": 12.823630188309085,
    "count": 3
  },
  "fix": {
    "mean": 7.4633763347006745,
    "std": 0.0,
    "min": 7.4633763347006745,
    "max": 7.4633763347006745,
    "count": 2
  },
  "neg_normal": {
    "mean": 6.538518099059202,
    "std": 2.4266388725289896,
    "min": 1.4398321884964564,
    "max": 10.197837205930213,
    "count": 28
  },
  "pos_normal": {
    "mean": null,
    "std": null,
    "min": null,
    "max": null,
    "count": 0
  }
}