{
  "error": {
    "mean": 15.375,
    "std": 3.5685256059050494,
    "min": 9.0,
    "max": 19.0,
    "count": 8
  },
  "fix": {
    "mean": 12.8,
    "std": 3.8418745424597094,
    "min": 3.0,
    "max": 19.0,
    "count": 10
  },
  "neg_normal": {
    "mean": 16.73913043478261,
    "std": 7.04159931996892,
    "min": 7.0,
    "max": 39.0,
    "count": 23
  },
  "pos_normal": {
    "mean": 14.166666666666666,
    "std": 4.8790937227681495,
    "min": 3.0,
    "max": 29.0,
    "count": 30
  }
}