{
  "error": {
    "mean": 16.75,
    "std": 8.317902379807062,
    "min": 11.0,
    "max": 31.0,
    "count": 4
  },
  "fix": {
    "mean": 15.666666666666666,
    "std": 4.0276819911981905,
    "min": 11.0,
    "max": 23.0,
    "count": 6
  },
  "neg_normal": {
    "mean": 14.818181818181818,
    "std": 4.602071637956274,
    "min": 3.0,
    "max": 22.0,
    "count": 33
  },
  "pos_normal": {
    "mean": 17.88235294117647,
    "std": 6.623330892438234,
    "min": 10.0,
    "max": 30.0,
    "count": 34
  }
}