{
  "error": {
    "mean": 12.8,
    "std": 4.578209256903839,
    "min": 5.0,
    "max": 19.0,
    "count": 5
  },
  "fix": {
    "mean": 20.333333333333332,
    "std": 0.4714045207910317,
    "min": 20.0,
    "max": 21.0,
    "count": 3
  },
  "neg_normal": {
    "mean": 18.526315789473685,
    "std": 7.762042738817171,
    "min": 3.0,
    "max": 36.0,
    "count": 19
  },
  "pos_normal": {
    "mean": 15.263157894736842,
    "std": 4.9930699897395465,
    "min": 5.0,
    "max": 29.0,
    "count": 38
  }
}