{
  "error": {
    "mean": 18.333333333333332,
    "std": 5.436502143433364,
    "min": 14.0,
    "max": 26.0,
    "count": 3
  },
  "fix": {
    "mean": 21.75,
    "std": 5.261891294962297,
    "min": 15.0,
    "max": 29.0,
    "count": 4
  },
  "neg_normal": {
    "mean": 17.8,
    "std": 8.352245207128439,
    "min": 7.0,
    "max": 36.0,
    "count": 10
  },
  "pos_normal": {
    "mean": 17.423076923076923,
    "std": 6.276776959083606,
    "min": 7.0,
    "max": 30.0,
    "count": 26
  }
}