{
  "error": {
    "mean": 6.26153032160635,
    "std": 0.0,
    "min": 6.26153032160635,
    "max": 6.26153032160635,
    "count": 1
  },
  "fix": {
    "mean": 6.216780865152292,
    "std": 0.0,
    "min": 6.216780865152292,
    "max": 6.216780865152292,
    "count": 1
  },
  "neg_normal": {
    "mean": 5.63200187535388,
    "std": 0.10103402605628607,
    "min": 5.489146971943699,
    "max": 5.705913086400017,
    "count": 3
  },
  "pos_normal": {
    "mean": 5.600522258552137,
    "std": 0.11197356364382297,
    "min": 5.478374060978156,
    "max": 5.748871679193113,
    "count": 3
  }
}