{
  "error": {
    "mean": 6.319567192842484,
    "std": 0.46118344869390443,
    "min": 5.6198672651647295,
    "max": 6.820088039467324,
    "count": 4
  },
  "fix": {
    "mean": 5.835844933320972,
    "std": 0.33572934717230746,
    "min": 5.476097610411559,
    "max": 6.367422272456064,
    "count": 7
  },
  "neg_normal": {
    "mean": 5.378035213289371,
    "std": 1.1863010874847986,
    "min": 2.460378160090545,
    "max": 6.8406962987553435,
    "count": 13
  },
  "pos_normal": {
    "mean": 5.513641503631778,
    "std": 0.7195343139388154,
    "min": 4.070734405067114,
    "max": 6.660089757367721,
    "count": 15
  }
}