{
  "error": {
    "mean": 5.772089694161036,
    "std": 0.3837338944785065,
    "min": 4.996383972794148,
    "max": 6.148366722301738,
    "count": 8
  },
  "fix": {
    "mean": 5.383056883897973,
    "std": 0.9881356378928317,
    "min": 2.4788910476317754,
    "max": 6.171198302991056,
    "count": 10
  },
  "neg_normal": {
    "mean": 5.821202380827612,
    "std": 0.6624170400706809,
    "min": 4.534134486242708,
    "max": 7.278473369774595,
    "count": 23
  },
  "pos_normal": {
    "mean": 5.6061772757383785,
    "std": 0.7200248335710864,
    "min": 2.4788910476317745,
    "max": 6.825762370628948,
    "count": 30
  }
}