{
  "error": {
    "mean": 6.193129214270025,
    "std": 0.6856290397826252,
    "min": 5.507500174487399,
    "max": 6.8787582540526495,
    "count": 2
  },
  "fix": {
    "mean": 6.002754496620381,
    "std": 0.3666809996769852,
    "min": 5.376854400346727,
    "max": 6.3129924816117,
    "count": 4
  },
  "neg_normal": {
    "mean": null,
    "std": null,
    "min": null,
    "max": null,
    "count": 0
  },
  "pos_normal": {
    "mean": 5.656884022612774,
    "std": 0.4930029827930971,
    "min": 4.42823382200994,
    "max": 6.3129924816117,
    "count": 18
  }
}