{
  "error": {
    "mean": 5.478107746369055,
    "std": 0.6416261230508958,
    "min": 4.257851952927248,
    "max": 6.11806175618576,
    "count": 5
  },
  "fix": {
    "mean": 6.274846998894944,
    "std": 0.047813459295349546,
    "min": 6.213511866522014,
    "max": 6.330165964377969,
    "count": 3
  },
  "neg_normal": {
    "mean": 5.842140100294811,
    "std": 1.007858325559408,
    "min": 2.3785603518598766,
    "max": 6.880041318324423,
    "count": 19
  },
  "pos_normal": {
    "mean": 5.768537522305787,
    "std": 0.5430983924477482,
    "min": 4.081295278065382,
    "max": 6.687007830252826,
    "count": 38
  }
}