{
  "error": {
    "mean": 6.12996897235565,
    "std": 0.14517866005730928,
    "min": 5.98479031229834,
    "max": 6.275147632412959,
    "count": 2
  },
  "fix": {
    "mean": 5.64261590191111,
    "std": 0.007232860164454902,
    "min": 5.635383041746655,
    "max": 5.649848762075565,
    "count": 2
  },
  "neg_normal": {
    "mean": 5.88211631467866,
    "std": 0.4144891996240509,
    "min": 5.064338904115568,
    "max": 6.741677635134077,
    "count": 25
  },
  "pos_normal": {
    "mean": 5.843864481156056,
    "std": 0.39183838076023914,
    "min": 5.3060576117353895,
    "max": 6.66386473963878,
    "count": 40
  }
}