{
  "error": {
    "mean": 6.091098732508536,
    "std": 0.3457343761799769,
    "min": 5.492292072070554,
    "max": 6.550378300287926,
    "count": 13
  },
  "fix": {
    "mean": 5.9371960344688715,
    "std": 0.2445105824051163,
    "min": 5.622527826057119,
    "max": 6.249039957228992,
    "count": 12
  },
  "neg_normal": {
    "mean": 5.528334352676256,
    "std": 1.0691446949959484,
    "min": 1.7403842972826105,
    "max": 6.514310682800207,
    "count": 46
  },
  "pos_normal": {
    "mean": 5.766086356963815,
    "std": 0.57115729508331,
    "min": 4.552580584857098,
    "max": 6.301366619218365,
    "count": 28
  }
}