{
  "error": {
    "mean": 3.789668876747617,
    "std": 2.617038157773894,
    "min": 0.5000002805884238,
    "max": 6.903139778773156,
    "count": 3
  },
  "fix": {
    "mean": 5.924926074338845,
    "std": 0.0,
    "min": 5.924926074338845,
    "max": 5.924926074338845,
    "count": 2
  },
  "neg_normal": {
    "mean": 5.934410016014317,
    "std": 0.40154157187382344,
    "min": 5.199414004095044,
    "max": 6.648619023762435,
    "count": 28
  },
  "pos_normal": {
    "mean": null,
    "std": null,
    "min": null,
    "max": null,
    "count": 0
  }
}