{
  "error": {
    "mean": 0.11148348935128055,
    "std": 0.024289220118623042,
    "min": 0.08223401175529685,
    "max": 0.14613278786770725,
    "count": 4
  },
  "fix": {
    "mean": 0.12141937863015116,
    "std": 0.015615352853101932,
    "min": 0.1014030382302229,
    "max": 0.14072595030647833,
    "count": 7
  },
  "neg_normal": {
    "mean": 0.13469772053136503,
    "std": 0.04635871444226331,
    "min": 0.08122525287670075,
    "max": 0.21631866082867876,
    "count": 13
  },
  "pos_normal": {
    "mean": 0.12652063830531424,
    "std": 0.03631375065309923,
    "min": 0.07120702309732578,
    "max": 0.20009991611364505,
    "count": 15
  }
}