{
  "error": {
    "mean": 0.10761408529388268,
    "std": 0.011614534963752038,
    "min": 0.09688814212285725,
    "max": 0.12375025236426791,
    "count": 3
  },
  "fix": {
    "mean": 0.09862409049854565,
    "std": 0.013367360627812732,
    "min": 0.08164605538624267,
    "max": 0.11479220262285329,
    "count": 4
  },
  "neg_normal": {
    "mean": 0.11976489202228098,
    "std": 0.022691549920498842,
    "min": 0.08764129838128759,
    "max": 0.15775153143969162,
    "count": 10
  },
  "pos_normal": {
    "mean": 0.10666198111437392,
    "std": 0.023298627333121012,
    "min": 0.0734271814087233,
    "max": 0.15397446972114123,
    "count": 26
  }
}