{
  "error": {
    "mean": 0.11369564362643074,
    "std": 0.015197287833282955,
    "min": 0.09973977541809698,
    "max": 0.13482849359559623,
    "count": 3
  },
  "fix": {
    "mean": 0.10972908759431868,
    "std": 0.10972908759431868,
    "min": 5.705188682496341e-30,
    "max": 0.21945817518863736,
    "count": 2
  },
  "neg_normal": {
    "mean": 0.12989598401236097,
    "std": 0.024127862823498707,
    "min": 0.08755936414191766,
    "max": 0.2754382195309557,
    "count": 69
  },
  "pos_normal": {
    "mean": null,
    "std": null,
    "min": null,
    "max": null,
    "count": 0
  }
}