{
  "error": {
    "mean": 0.09304746205052782,
    "std": 0.07861451390212842,
    "min": 3.5111943851813473e-31,
    "max": 0.19226834715994132,
    "count": 3
  },
  "fix": {
    "mean": 0.09267305369243506,
    "std": 0.0,
    "min": 0.09267305369243506,
    "max": 0.09267305369243506,
    "count": 2
  },
  "neg_normal": {
    "mean": 0.11401120484226522,
    "std": 0.024750269765819607,
    "min": 0.07349211582506106,
    "max": 0.1747656540341529,
    "count": 28
  },
  "pos_normal": {
    "mean": null,
    "std": null,
    "min": null,
    "max": null,
    "count": 0
  }
}